Id,WarehouseId,Type,Name,Zone,Level,Position,Barcode,Rack,StoreTime,CreateTime,CreatedById,Capacity,MaxWeight,Sorting
50,5,3,WH1-H5-R01-L1-P01,501,1,01,1501101,R - 501,2026-01-22 07:57:26.77267+00,2026-01-22 07:57:26.77267+00,NULL,0,0,
51,5,3,WH1-H5-R01-L1-P02,501,1,02,1501102,R - 501,2026-01-22 07:57:26.77267+00,2026-01-22 07:57:26.77267+00,NULL,0,0,
52,5,3,WH1-H5-R01-L1-P03,501,1,03,1501103,R - 501,2026-01-22 07:57:26.77267+00,2026-01-22 07:57:26.77267+00,NULL,0,0,
53,5,3,WH1-H5-R01-L1-P04,501,1,04,1501104,R - 501,2026-01-22 07:57:26.77267+00,2026-01-22 07:57:26.77267+00,NULL,0,0,
54,5,3,WH1-H5-R01-L1-P05,501,1,05,1501105,R - 501,2026-01-22 07:57:26.77267+00,2026-01-22 07:57:26.77267+00,NULL,0,0,
55,5,3,WH1-H5-R01-L1-P06,501,1,06,1501106,R - 501,2026-01-22 07:57:26.77267+00,2026-01-22 07:57:26.77267+00,NULL,0,0,
56,5,3,WH1-H5-R01-L1-P07,501,1,07,1501107,R - 501,2026-01-22 07:57:26.77267+00,2026-01-22 07:57:26.77267+00,NULL,0,0,
57,5,3,WH1-H5-R01-L1-P08,501,1,08,1501108,R - 501,2026-01-22 07:57:26.77267+00,2026-01-22 07:57:26.77267+00,NULL,0,0,
58,5,3,WH1-H5-R01-L1-P09,501,1,09,1501109,R - 501,2026-01-22 07:57:26.77267+00,2026-01-22 07:57:26.77267+00,NULL,0,0,
59,5,3,WH1-H5-R01-L1-P10,501,1,10,1501110,R - 501,2026-01-22 07:57:26.77267+00,2026-01-22 07:57:26.77267+00,NULL,0,0,
60,5,3,WH1-H5-R01-L1-P11,501,1,11,1501111,R - 501,2026-01-22 07:57:26.77267+00,2026-01-22 07:57:26.77267+00,NULL,0,0,
61,5,3,WH1-H5-R01-L1-P12,501,1,12,1501112,R - 501,2026-01-22 07:57:26.77267+00,2026-01-22 07:57:26.77267+00,NULL,0,0,
62,5,3,WH1-H5-R01-L1-P13,501,1,13,1501113,R - 501,2026-01-22 07:57:26.77267+00,2026-01-22 07:57:26.77267+00,NULL,0,0,
63,5,3,WH1-H5-R01-L1-P14,501,1,14,1501114,R - 501,2026-01-22 07:57:26.77267+00,2026-01-22 07:57:26.77267+00,NULL,0,0,
64,5,3,WH1-H5-R01-L1-P15,501,1,15,1501115,R - 501,2026-01-22 07:57:26.77267+00,2026-01-22 07:57:26.77267+00,NULL,0,0,
65,5,3,WH1-H5-R01-L1-P16,501,1,16,1501116,R - 501,2026-01-22 07:57:26.77267+00,2026-01-22 07:57:26.77267+00,NULL,0,0,
66,5,3,WH1-H5-R01-L1-P17,501,1,17,1501117,R - 501,2026-01-22 07:57:26.77267+00,2026-01-22 07:57:26.77267+00,NULL,0,0,
67,5,3,WH1-H5-R01-L1-P18,501,1,18,1501118,R - 501,2026-01-22 07:57:26.77267+00,2026-01-22 07:57:26.77267+00,NULL,0,0,
68,5,3,WH1-H5-R01-L1-P19,501,1,19,1501119,R - 501,2026-01-22 07:57:26.77267+00,2026-01-22 07:57:26.77267+00,NULL,0,0,
69,5,3,WH1-H5-R01-L1-P20,501,1,20,1501120,R - 501,2026-01-22 07:57:26.77267+00,2026-01-22 07:57:26.77267+00,NULL,0,0,
70,5,3,WH1-H5-R01-L1-P21,501,1,21,1501121,R - 501,2026-01-22 07:57:26.77267+00,2026-01-22 07:57:26.77267+00,NULL,0,0,
71,5,3,WH1-H5-R01-L1-P22,501,1,22,1501122,R - 501,2026-01-22 07:57:26.77267+00,2026-01-22 07:57:26.77267+00,NULL,0,0,
72,5,3,WH1-H5-R01-L1-P23,501,1,23,1501123,R - 501,2026-01-22 07:57:26.77267+00,2026-01-22 07:57:26.77267+00,NULL,0,0,
73,5,3,WH1-H5-R01-L1-P24,501,1,24,1501124,R - 501,2026-01-22 07:57:26.77267+00,2026-01-22 07:57:26.77267+00,NULL,0,0,
74,5,3,WH1-H5-R01-L1-P25,501,1,25,1501125,R - 501,2026-01-22 07:57:26.77267+00,2026-01-22 07:57:26.77267+00,NULL,0,0,
75,5,3,WH1-H5-R01-L1-P26,501,1,26,1501126,R - 501,2026-01-22 07:57:26.77267+00,2026-01-22 07:57:26.77267+00,NULL,0,0,
76,5,3,WH1-H5-R01-L1-P27,501,1,27,1501127,R - 501,2026-01-22 07:57:26.77267+00,2026-01-22 07:57:26.77267+00,NULL,0,0,
77,5,3,WH1-H5-R01-L1-P28,501,1,28,1501128,R - 501,2026-01-22 07:57:26.77267+00,2026-01-22 07:57:26.77267+00,NULL,0,0,
78,5,3,WH1-H5-R01-L1-P29,501,1,29,1501129,R - 501,2026-01-22 07:57:26.77267+00,2026-01-22 07:57:26.77267+00,NULL,0,0,
79,5,3,WH1-H5-R01-L1-P30,501,1,30,1501130,R - 501,2026-01-22 07:57:26.77267+00,2026-01-22 07:57:26.77267+00,NULL,0,0,
80,5,3,WH1-H5-R01-L1-P31,501,1,31,1501131,R - 501,2026-01-22 07:57:26.77267+00,2026-01-22 07:57:26.77267+00,NULL,0,0,
81,5,3,WH1-H5-R01-L1-P32,501,1,32,1501132,R - 501,2026-01-22 07:57:26.77267+00,2026-01-22 07:57:26.77267+00,NULL,0,0,
82,5,3,WH1-H5-R01-L1-P33,501,1,33,1501133,R - 501,2026-01-22 07:57:26.77267+00,2026-01-22 07:57:26.77267+00,NULL,0,0,
83,5,3,WH1-H5-R01-L1-P34,501,1,34,1501134,R - 501,2026-01-22 07:57:26.77267+00,2026-01-22 07:57:26.77267+00,NULL,0,0,
84,5,3,WH1-H5-R01-L1-P35,501,1,35,1501135,R - 501,2026-01-22 07:57:26.77267+00,2026-01-22 07:57:26.77267+00,NULL,0,0,
85,5,3,WH1-H5-R01-L1-P36,501,1,36,1501136,R - 501,2026-01-22 07:57:26.77267+00,2026-01-22 07:57:26.77267+00,NULL,0,0,
86,5,3,WH1-H5-R01-L1-P37,501,1,37,1501137,R - 501,2026-01-22 07:57:26.77267+00,2026-01-22 07:57:26.77267+00,NULL,0,0,
87,5,3,WH1-H5-R01-L1-P38,501,1,38,1501138,R - 501,2026-01-22 07:57:26.77267+00,2026-01-22 07:57:26.77267+00,NULL,0,0,
88,5,3,WH1-H5-R01-L1-P39,501,1,39,1501139,R - 501,2026-01-22 07:57:26.77267+00,2026-01-22 07:57:26.77267+00,NULL,0,0,
89,5,3,WH1-H5-R01-L1-P40,501,1,40,1501140,R - 501,2026-01-22 07:57:26.77267+00,2026-01-22 07:57:26.77267+00,NULL,0,0,
90,5,3,WH1-H5-R01-L1-P41,501,1,41,1501141,R - 501,2026-01-22 07:57:26.77267+00,2026-01-22 07:57:26.77267+00,NULL,0,0,
91,5,3,WH1-H5-R01-L1-P42,501,1,42,1501142,R - 501,2026-01-22 07:57:26.77267+00,2026-01-22 07:57:26.77267+00,NULL,0,0,
92,5,3,WH1-H5-R01-L1-P43,501,1,43,1501143,R - 501,2026-01-22 07:57:26.77267+00,2026-01-22 07:57:26.77267+00,NULL,0,0,
93,5,3,WH1-H5-R01-L1-P44,501,1,44,1501144,R - 501,2026-01-22 07:57:26.77267+00,2026-01-22 07:57:26.77267+00,NULL,0,0,
94,5,3,WH1-H5-R01-L1-P45,501,1,45,1501145,R - 501,2026-01-22 07:57:26.77267+00,2026-01-22 07:57:26.77267+00,NULL,0,0,
95,5,3,WH1-H5-R01-L1-P46,501,1,46,1501146,R - 501,2026-01-22 07:57:26.77267+00,2026-01-22 07:57:26.77267+00,NULL,0,0,
96,5,3,WH1-H5-R01-L1-P47,501,1,47,1501147,R - 501,2026-01-22 07:57:26.77267+00,2026-01-22 07:57:26.77267+00,NULL,0,0,
97,5,3,WH1-H5-R01-L1-P48,501,1,48,1501148,R - 501,2026-01-22 07:57:26.77267+00,2026-01-22 07:57:26.77267+00,NULL,0,0,
98,5,3,WH1-H5-R01-L1-P49,501,1,49,1501149,R - 501,2026-01-22 07:57:26.77267+00,2026-01-22 07:57:26.77267+00,NULL,0,0,
99,5,3,WH1-H5-R01-L1-P50,501,1,50,1501150,R - 501,2026-01-22 07:57:26.77267+00,2026-01-22 07:57:26.77267+00,NULL,0,0,
100,5,3,WH1-H5-R01-L1-P51,501,1,51,1501151,R - 501,2026-01-22 07:57:26.77267+00,2026-01-22 07:57:26.77267+00,NULL,0,0,
101,5,3,WH1-H5-R01-L1-P52,501,1,52,1501152,R - 501,2026-01-22 07:57:26.77267+00,2026-01-22 07:57:26.77267+00,NULL,0,0,
102,5,3,WH1-H5-R01-L1-P53,501,1,53,1501153,R - 501,2026-01-22 07:57:26.77267+00,2026-01-22 07:57:26.77267+00,NULL,0,0,
103,5,3,WH1-H5-R01-L1-P54,501,1,54,1501154,R - 501,2026-01-22 07:57:26.77267+00,2026-01-22 07:57:26.77267+00,NULL,0,0,
104,5,3,WH1-H5-R01-L1-P55,501,1,55,1501155,R - 501,2026-01-22 07:57:26.77267+00,2026-01-22 07:57:26.77267+00,NULL,0,0,
105,5,3,WH1-H5-R01-L1-P56,501,1,56,1501156,R - 501,2026-01-22 07:57:26.77267+00,2026-01-22 07:57:26.77267+00,NULL,0,0,
106,5,3,WH1-H5-R01-L1-P57,501,1,57,1501157,R - 501,2026-01-22 07:57:26.77267+00,2026-01-22 07:57:26.77267+00,NULL,0,0,
107,5,3,WH1-H5-R01-L1-P58,501,1,58,1501158,R - 501,2026-01-22 07:57:26.77267+00,2026-01-22 07:57:26.77267+00,NULL,0,0,
108,5,3,WH1-H5-R01-L1-P59,501,1,59,1501159,R - 501,2026-01-22 07:57:26.77267+00,2026-01-22 07:57:26.77267+00,NULL,0,0,
109,5,3,WH1-H5-R01-L1-P60,501,1,60,1501160,R - 501,2026-01-22 07:57:26.77267+00,2026-01-22 07:57:26.77267+00,NULL,0,0,
110,5,3,WH1-H5-R01-L1-P61,501,1,61,1501161,R - 501,2026-01-22 07:57:26.77267+00,2026-01-22 07:57:26.77267+00,NULL,0,0,
111,5,3,WH1-H5-R01-L1-P62,501,1,62,1501162,R - 501,2026-01-22 07:57:26.77267+00,2026-01-22 07:57:26.77267+00,NULL,0,0,
112,5,3,WH1-H5-R01-L1-P63,501,1,63,1501163,R - 501,2026-01-22 07:57:26.77267+00,2026-01-22 07:57:26.77267+00,NULL,0,0,
113,5,3,WH1-H5-R01-L1-P64,501,1,64,1501164,R - 501,2026-01-22 07:57:26.77267+00,2026-01-22 07:57:26.77267+00,NULL,0,0,
114,5,3,WH1-H5-R01-L1-P65,501,1,65,1501165,R - 501,2026-01-22 07:57:26.77267+00,2026-01-22 07:57:26.77267+00,NULL,0,0,
115,5,3,WH1-H5-R01-L1-P66,501,1,66,1501166,R - 501,2026-01-22 07:57:26.77267+00,2026-01-22 07:57:26.77267+00,NULL,0,0,
116,5,3,WH1-H5-R01-L2-P01,501,2,01,1501201,R - 501,2026-01-22 07:57:26.77267+00,2026-01-22 07:57:26.77267+00,NULL,0,0,
117,5,3,WH1-H5-R01-L2-P02,501,2,02,1501202,R - 501,2026-01-22 07:57:26.77267+00,2026-01-22 07:57:26.77267+00,NULL,0,0,
118,5,3,WH1-H5-R01-L2-P03,501,2,03,1501203,R - 501,2026-01-22 07:57:26.77267+00,2026-01-22 07:57:26.77267+00,NULL,0,0,
119,5,3,WH1-H5-R01-L2-P04,501,2,04,1501204,R - 501,2026-01-22 07:57:26.77267+00,2026-01-22 07:57:26.77267+00,NULL,0,0,
120,5,3,WH1-H5-R01-L2-P05,501,2,05,1501205,R - 501,2026-01-22 07:57:26.77267+00,2026-01-22 07:57:26.77267+00,NULL,0,0,
121,5,3,WH1-H5-R01-L2-P06,501,2,06,1501206,R - 501,2026-01-22 07:57:26.77267+00,2026-01-22 07:57:26.77267+00,NULL,0,0,
122,5,3,WH1-H5-R01-L2-P07,501,2,07,1501207,R - 501,2026-01-22 07:57:26.77267+00,2026-01-22 07:57:26.77267+00,NULL,0,0,
123,5,3,WH1-H5-R01-L2-P08,501,2,08,1501208,R - 501,2026-01-22 07:57:26.77267+00,2026-01-22 07:57:26.77267+00,NULL,0,0,
124,5,3,WH1-H5-R01-L2-P09,501,2,09,1501209,R - 501,2026-01-22 07:57:26.77267+00,2026-01-22 07:57:26.77267+00,NULL,0,0,
125,5,3,WH1-H5-R01-L2-P10,501,2,10,1501210,R - 501,2026-01-22 07:57:26.77267+00,2026-01-22 07:57:26.77267+00,NULL,0,0,
126,5,3,WH1-H5-R01-L2-P11,501,2,11,1501211,R - 501,2026-01-22 07:57:26.77267+00,2026-01-22 07:57:26.77267+00,NULL,0,0,
127,5,3,WH1-H5-R01-L2-P12,501,2,12,1501212,R - 501,2026-01-22 07:57:26.77267+00,2026-01-22 07:57:26.77267+00,NULL,0,0,
128,5,3,WH1-H5-R01-L2-P13,501,2,13,1501213,R - 501,2026-01-22 07:57:26.77267+00,2026-01-22 07:57:26.77267+00,NULL,0,0,
129,5,3,WH1-H5-R01-L2-P14,501,2,14,1501214,R - 501,2026-01-22 07:57:26.77267+00,2026-01-22 07:57:26.77267+00,NULL,0,0,
130,5,3,WH1-H5-R01-L2-P15,501,2,15,1501215,R - 501,2026-01-22 07:57:26.77267+00,2026-01-22 07:57:26.77267+00,NULL,0,0,
131,5,3,WH1-H5-R01-L2-P16,501,2,16,1501216,R - 501,2026-01-22 07:57:26.77267+00,2026-01-22 07:57:26.77267+00,NULL,0,0,
132,5,3,WH1-H5-R01-L2-P17,501,2,17,1501217,R - 501,2026-01-22 07:57:26.77267+00,2026-01-22 07:57:26.77267+00,NULL,0,0,
133,5,3,WH1-H5-R01-L2-P18,501,2,18,1501218,R - 501,2026-01-22 07:57:26.77267+00,2026-01-22 07:57:26.77267+00,NULL,0,0,
134,5,3,WH1-H5-R01-L2-P19,501,2,19,1501219,R - 501,2026-01-22 07:57:26.77267+00,2026-01-22 07:57:26.77267+00,NULL,0,0,
135,5,3,WH1-H5-R01-L2-P20,501,2,20,1501220,R - 501,2026-01-22 07:57:26.77267+00,2026-01-22 07:57:26.77267+00,NULL,0,0,
136,5,3,WH1-H5-R01-L2-P21,501,2,21,1501221,R - 501,2026-01-22 07:57:26.77267+00,2026-01-22 07:57:26.77267+00,NULL,0,0,
137,5,3,WH1-H5-R01-L2-P22,501,2,22,1501222,R - 501,2026-01-22 07:57:26.77267+00,2026-01-22 07:57:26.77267+00,NULL,0,0,
138,5,3,WH1-H5-R01-L2-P23,501,2,23,1501223,R - 501,2026-01-22 07:57:26.77267+00,2026-01-22 07:57:26.77267+00,NULL,0,0,
139,5,3,WH1-H5-R01-L2-P24,501,2,24,1501224,R - 501,2026-01-22 07:57:26.77267+00,2026-01-22 07:57:26.77267+00,NULL,0,0,
140,5,3,WH1-H5-R01-L2-P25,501,2,25,1501225,R - 501,2026-01-22 07:57:26.77267+00,2026-01-22 07:57:26.77267+00,NULL,0,0,
141,5,3,WH1-H5-R01-L2-P26,501,2,26,1501226,R - 501,2026-01-22 07:57:26.77267+00,2026-01-22 07:57:26.77267+00,NULL,0,0,
142,5,3,WH1-H5-R01-L2-P27,501,2,27,1501227,R - 501,2026-01-22 07:57:26.77267+00,2026-01-22 07:57:26.77267+00,NULL,0,0,
143,5,3,WH1-H5-R01-L2-P28,501,2,28,1501228,R - 501,2026-01-22 07:57:26.77267+00,2026-01-22 07:57:26.77267+00,NULL,0,0,
144,5,3,WH1-H5-R01-L2-P29,501,2,29,1501229,R - 501,2026-01-22 07:57:26.77267+00,2026-01-22 07:57:26.77267+00,NULL,0,0,
145,5,3,WH1-H5-R01-L2-P30,501,2,30,1501230,R - 501,2026-01-22 07:57:26.77267+00,2026-01-22 07:57:26.77267+00,NULL,0,0,
146,5,3,WH1-H5-R01-L2-P31,501,2,31,1501231,R - 501,2026-01-22 07:57:26.77267+00,2026-01-22 07:57:26.77267+00,NULL,0,0,
147,5,3,WH1-H5-R01-L2-P32,501,2,32,1501232,R - 501,2026-01-22 07:57:26.77267+00,2026-01-22 07:57:26.77267+00,NULL,0,0,
148,5,3,WH1-H5-R01-L2-P33,501,2,33,1501233,R - 501,2026-01-22 07:57:26.77267+00,2026-01-22 07:57:26.77267+00,NULL,0,0,
149,5,3,WH1-H5-R01-L2-P34,501,2,34,1501234,R - 501,2026-01-22 07:57:26.77267+00,2026-01-22 07:57:26.77267+00,NULL,0,0,
150,5,3,WH1-H5-R01-L2-P35,501,2,35,1501235,R - 501,2026-01-22 07:57:26.77267+00,2026-01-22 07:57:26.77267+00,NULL,0,0,
151,5,3,WH1-H5-R01-L2-P36,501,2,36,1501236,R - 501,2026-01-22 07:57:26.77267+00,2026-01-22 07:57:26.77267+00,NULL,0,0,
152,5,3,WH1-H5-R01-L2-P37,501,2,37,1501237,R - 501,2026-01-22 07:57:26.77267+00,2026-01-22 07:57:26.77267+00,NULL,0,0,
153,5,3,WH1-H5-R01-L2-P38,501,2,38,1501238,R - 501,2026-01-22 07:57:26.77267+00,2026-01-22 07:57:26.77267+00,NULL,0,0,
154,5,3,WH1-H5-R01-L2-P39,501,2,39,1501239,R - 501,2026-01-22 07:57:26.77267+00,2026-01-22 07:57:26.77267+00,NULL,0,0,
155,5,3,WH1-H5-R01-L2-P40,501,2,40,1501240,R - 501,2026-01-22 07:57:26.77267+00,2026-01-22 07:57:26.77267+00,NULL,0,0,
156,5,3,WH1-H5-R01-L2-P41,501,2,41,1501241,R - 501,2026-01-22 07:57:26.77267+00,2026-01-22 07:57:26.77267+00,NULL,0,0,
157,5,3,WH1-H5-R01-L2-P42,501,2,42,1501242,R - 501,2026-01-22 07:57:26.77267+00,2026-01-22 07:57:26.77267+00,NULL,0,0,
158,5,3,WH1-H5-R01-L2-P43,501,2,43,1501243,R - 501,2026-01-22 07:57:26.77267+00,2026-01-22 07:57:26.77267+00,NULL,0,0,
159,5,3,WH1-H5-R01-L2-P44,501,2,44,1501244,R - 501,2026-01-22 07:57:26.77267+00,2026-01-22 07:57:26.77267+00,NULL,0,0,
160,5,3,WH1-H5-R01-L2-P45,501,2,45,1501245,R - 501,2026-01-22 07:57:26.77267+00,2026-01-22 07:57:26.77267+00,NULL,0,0,
161,5,3,WH1-H5-R01-L2-P46,501,2,46,1501246,R - 501,2026-01-22 07:57:26.77267+00,2026-01-22 07:57:26.77267+00,NULL,0,0,
162,5,3,WH1-H5-R01-L2-P47,501,2,47,1501247,R - 501,2026-01-22 07:57:26.77267+00,2026-01-22 07:57:26.77267+00,NULL,0,0,
163,5,3,WH1-H5-R01-L2-P48,501,2,48,1501248,R - 501,2026-01-22 07:57:26.77267+00,2026-01-22 07:57:26.77267+00,NULL,0,0,
164,5,3,WH1-H5-R01-L2-P49,501,2,49,1501249,R - 501,2026-01-22 07:57:26.77267+00,2026-01-22 07:57:26.77267+00,NULL,0,0,
165,5,3,WH1-H5-R01-L2-P50,501,2,50,1501250,R - 501,2026-01-22 07:57:26.77267+00,2026-01-22 07:57:26.77267+00,NULL,0,0,
166,5,3,WH1-H5-R01-L2-P51,501,2,51,1501251,R - 501,2026-01-22 07:57:26.77267+00,2026-01-22 07:57:26.77267+00,NULL,0,0,
167,5,3,WH1-H5-R01-L2-P52,501,2,52,1501252,R - 501,2026-01-22 07:57:26.77267+00,2026-01-22 07:57:26.77267+00,NULL,0,0,
168,5,3,WH1-H5-R01-L2-P53,501,2,53,1501253,R - 501,2026-01-22 07:57:26.77267+00,2026-01-22 07:57:26.77267+00,NULL,0,0,
169,5,3,WH1-H5-R01-L2-P54,501,2,54,1501254,R - 501,2026-01-22 07:57:26.77267+00,2026-01-22 07:57:26.77267+00,NULL,0,0,
170,5,3,WH1-H5-R01-L2-P55,501,2,55,1501255,R - 501,2026-01-22 07:57:26.77267+00,2026-01-22 07:57:26.77267+00,NULL,0,0,
171,5,3,WH1-H5-R01-L2-P56,501,2,56,1501256,R - 501,2026-01-22 07:57:26.77267+00,2026-01-22 07:57:26.77267+00,NULL,0,0,
172,5,3,WH1-H5-R01-L2-P57,501,2,57,1501257,R - 501,2026-01-22 07:57:26.77267+00,2026-01-22 07:57:26.77267+00,NULL,0,0,
173,5,3,WH1-H5-R01-L2-P58,501,2,58,1501258,R - 501,2026-01-22 07:57:26.77267+00,2026-01-22 07:57:26.77267+00,NULL,0,0,
174,5,3,WH1-H5-R01-L2-P59,501,2,59,1501259,R - 501,2026-01-22 07:57:26.77267+00,2026-01-22 07:57:26.77267+00,NULL,0,0,
175,5,3,WH1-H5-R01-L2-P60,501,2,60,1501260,R - 501,2026-01-22 07:57:26.77267+00,2026-01-22 07:57:26.77267+00,NULL,0,0,
176,5,3,WH1-H5-R01-L2-P61,501,2,61,1501261,R - 501,2026-01-22 07:57:26.77267+00,2026-01-22 07:57:26.77267+00,NULL,0,0,
177,5,3,WH1-H5-R01-L2-P62,501,2,62,1501262,R - 501,2026-01-22 07:57:26.77267+00,2026-01-22 07:57:26.77267+00,NULL,0,0,
178,5,3,WH1-H5-R01-L2-P63,501,2,63,1501263,R - 501,2026-01-22 07:57:26.77267+00,2026-01-22 07:57:26.77267+00,NULL,0,0,
179,5,3,WH1-H5-R01-L2-P64,501,2,64,1501264,R - 501,2026-01-22 07:57:26.77267+00,2026-01-22 07:57:26.77267+00,NULL,0,0,
180,5,3,WH1-H5-R01-L2-P65,501,2,65,1501265,R - 501,2026-01-22 07:57:26.77267+00,2026-01-22 07:57:26.77267+00,NULL,0,0,
181,5,3,WH1-H5-R01-L2-P66,501,2,66,1501266,R - 501,2026-01-22 07:57:26.77267+00,2026-01-22 07:57:26.77267+00,NULL,0,0,
182,5,3,WH1-H5-R01-L3-P01,501,3,01,1501301,R - 501,2026-01-22 07:57:26.77267+00,2026-01-22 07:57:26.77267+00,NULL,0,0,
183,5,3,WH1-H5-R01-L3-P02,501,3,02,1501302,R - 501,2026-01-22 07:57:26.77267+00,2026-01-22 07:57:26.77267+00,NULL,0,0,
184,5,3,WH1-H5-R01-L3-P03,501,3,03,1501303,R - 501,2026-01-22 07:57:26.77267+00,2026-01-22 07:57:26.77267+00,NULL,0,0,
185,5,3,WH1-H5-R01-L3-P04,501,3,04,1501304,R - 501,2026-01-22 07:57:26.77267+00,2026-01-22 07:57:26.77267+00,NULL,0,0,
186,5,3,WH1-H5-R01-L3-P05,501,3,05,1501305,R - 501,2026-01-22 07:57:26.77267+00,2026-01-22 07:57:26.77267+00,NULL,0,0,
187,5,3,WH1-H5-R01-L3-P06,501,3,06,1501306,R - 501,2026-01-22 07:57:26.77267+00,2026-01-22 07:57:26.77267+00,NULL,0,0,
188,5,3,WH1-H5-R01-L3-P07,501,3,07,1501307,R - 501,2026-01-22 07:57:26.77267+00,2026-01-22 07:57:26.77267+00,NULL,0,0,
189,5,3,WH1-H5-R01-L3-P08,501,3,08,1501308,R - 501,2026-01-22 07:57:26.77267+00,2026-01-22 07:57:26.77267+00,NULL,0,0,
190,5,3,WH1-H5-R01-L3-P09,501,3,09,1501309,R - 501,2026-01-22 07:57:26.77267+00,2026-01-22 07:57:26.77267+00,NULL,0,0,
191,5,3,WH1-H5-R01-L3-P10,501,3,10,1501310,R - 501,2026-01-22 07:57:26.77267+00,2026-01-22 07:57:26.77267+00,NULL,0,0,
192,5,3,WH1-H5-R01-L3-P11,501,3,11,1501311,R - 501,2026-01-22 07:57:26.77267+00,2026-01-22 07:57:26.77267+00,NULL,0,0,
193,5,3,WH1-H5-R01-L3-P12,501,3,12,1501312,R - 501,2026-01-22 07:57:26.77267+00,2026-01-22 07:57:26.77267+00,NULL,0,0,
194,5,3,WH1-H5-R01-L3-P13,501,3,13,1501313,R - 501,2026-01-22 07:57:26.77267+00,2026-01-22 07:57:26.77267+00,NULL,0,0,
195,5,3,WH1-H5-R01-L3-P14,501,3,14,1501314,R - 501,2026-01-22 07:57:26.77267+00,2026-01-22 07:57:26.77267+00,NULL,0,0,
196,5,3,WH1-H5-R01-L3-P15,501,3,15,1501315,R - 501,2026-01-22 07:57:26.77267+00,2026-01-22 07:57:26.77267+00,NULL,0,0,
197,5,3,WH1-H5-R01-L3-P16,501,3,16,1501316,R - 501,2026-01-22 07:57:26.77267+00,2026-01-22 07:57:26.77267+00,NULL,0,0,
198,5,3,WH1-H5-R01-L3-P17,501,3,17,1501317,R - 501,2026-01-22 07:57:26.77267+00,2026-01-22 07:57:26.77267+00,NULL,0,0,
199,5,3,WH1-H5-R01-L3-P18,501,3,18,1501318,R - 501,2026-01-22 07:57:26.77267+00,2026-01-22 07:57:26.77267+00,NULL,0,0,
200,5,3,WH1-H5-R01-L3-P19,501,3,19,1501319,R - 501,2026-01-22 07:57:26.77267+00,2026-01-22 07:57:26.77267+00,NULL,0,0,
201,5,3,WH1-H5-R01-L3-P20,501,3,20,1501320,R - 501,2026-01-22 07:57:26.77267+00,2026-01-22 07:57:26.77267+00,NULL,0,0,
202,5,3,WH1-H5-R01-L3-P21,501,3,21,1501321,R - 501,2026-01-22 07:57:26.77267+00,2026-01-22 07:57:26.77267+00,NULL,0,0,
203,5,3,WH1-H5-R01-L3-P22,501,3,22,1501322,R - 501,2026-01-22 07:57:26.77267+00,2026-01-22 07:57:26.77267+00,NULL,0,0,
204,5,3,WH1-H5-R01-L3-P23,501,3,23,1501323,R - 501,2026-01-22 07:57:26.77267+00,2026-01-22 07:57:26.77267+00,NULL,0,0,
205,5,3,WH1-H5-R01-L3-P24,501,3,24,1501324,R - 501,2026-01-22 07:57:26.77267+00,2026-01-22 07:57:26.77267+00,NULL,0,0,
206,5,3,WH1-H5-R01-L3-P25,501,3,25,1501325,R - 501,2026-01-22 07:57:26.77267+00,2026-01-22 07:57:26.77267+00,NULL,0,0,
207,5,3,WH1-H5-R01-L3-P26,501,3,26,1501326,R - 501,2026-01-22 07:57:26.77267+00,2026-01-22 07:57:26.77267+00,NULL,0,0,
208,5,3,WH1-H5-R01-L3-P27,501,3,27,1501327,R - 501,2026-01-22 07:57:26.77267+00,2026-01-22 07:57:26.77267+00,NULL,0,0,
209,5,3,WH1-H5-R01-L3-P28,501,3,28,1501328,R - 501,2026-01-22 07:57:26.77267+00,2026-01-22 07:57:26.77267+00,NULL,0,0,
210,5,3,WH1-H5-R01-L3-P29,501,3,29,1501329,R - 501,2026-01-22 07:57:26.77267+00,2026-01-22 07:57:26.77267+00,NULL,0,0,
211,5,3,WH1-H5-R01-L3-P30,501,3,30,1501330,R - 501,2026-01-22 07:57:26.77267+00,2026-01-22 07:57:26.77267+00,NULL,0,0,
212,5,3,WH1-H5-R01-L3-P31,501,3,31,1501331,R - 501,2026-01-22 07:57:26.77267+00,2026-01-22 07:57:26.77267+00,NULL,0,0,
213,5,3,WH1-H5-R01-L3-P32,501,3,32,1501332,R - 501,2026-01-22 07:57:26.77267+00,2026-01-22 07:57:26.77267+00,NULL,0,0,
214,5,3,WH1-H5-R01-L3-P33,501,3,33,1501333,R - 501,2026-01-22 07:57:26.77267+00,2026-01-22 07:57:26.77267+00,NULL,0,0,
215,5,3,WH1-H5-R01-L3-P34,501,3,34,1501334,R - 501,2026-01-22 07:57:26.77267+00,2026-01-22 07:57:26.77267+00,NULL,0,0,
216,5,3,WH1-H5-R01-L3-P35,501,3,35,1501335,R - 501,2026-01-22 07:57:26.77267+00,2026-01-22 07:57:26.77267+00,NULL,0,0,
217,5,3,WH1-H5-R01-L3-P36,501,3,36,1501336,R - 501,2026-01-22 07:57:26.77267+00,2026-01-22 07:57:26.77267+00,NULL,0,0,
218,5,3,WH1-H5-R01-L3-P37,501,3,37,1501337,R - 501,2026-01-22 07:57:26.77267+00,2026-01-22 07:57:26.77267+00,NULL,0,0,
219,5,3,WH1-H5-R01-L3-P38,501,3,38,1501338,R - 501,2026-01-22 07:57:26.77267+00,2026-01-22 07:57:26.77267+00,NULL,0,0,
220,5,3,WH1-H5-R01-L3-P39,501,3,39,1501339,R - 501,2026-01-22 07:57:26.77267+00,2026-01-22 07:57:26.77267+00,NULL,0,0,
221,5,3,WH1-H5-R01-L3-P40,501,3,40,1501340,R - 501,2026-01-22 07:57:26.77267+00,2026-01-22 07:57:26.77267+00,NULL,0,0,
222,5,3,WH1-H5-R01-L3-P41,501,3,41,1501341,R - 501,2026-01-22 07:57:26.77267+00,2026-01-22 07:57:26.77267+00,NULL,0,0,
223,5,3,WH1-H5-R01-L3-P42,501,3,42,1501342,R - 501,2026-01-22 07:57:26.77267+00,2026-01-22 07:57:26.77267+00,NULL,0,0,
224,5,3,WH1-H5-R01-L3-P43,501,3,43,1501343,R - 501,2026-01-22 07:57:26.77267+00,2026-01-22 07:57:26.77267+00,NULL,0,0,
225,5,3,WH1-H5-R01-L3-P44,501,3,44,1501344,R - 501,2026-01-22 07:57:26.77267+00,2026-01-22 07:57:26.77267+00,NULL,0,0,
226,5,3,WH1-H5-R01-L3-P45,501,3,45,1501345,R - 501,2026-01-22 07:57:26.77267+00,2026-01-22 07:57:26.77267+00,NULL,0,0,
227,5,3,WH1-H5-R01-L3-P46,501,3,46,1501346,R - 501,2026-01-22 07:57:26.77267+00,2026-01-22 07:57:26.77267+00,NULL,0,0,
228,5,3,WH1-H5-R01-L3-P47,501,3,47,1501347,R - 501,2026-01-22 07:57:26.77267+00,2026-01-22 07:57:26.77267+00,NULL,0,0,
229,5,3,WH1-H5-R01-L3-P48,501,3,48,1501348,R - 501,2026-01-22 07:57:26.77267+00,2026-01-22 07:57:26.77267+00,NULL,0,0,
230,5,3,WH1-H5-R01-L3-P49,501,3,49,1501349,R - 501,2026-01-22 07:57:26.77267+00,2026-01-22 07:57:26.77267+00,NULL,0,0,
231,5,3,WH1-H5-R01-L3-P50,501,3,50,1501350,R - 501,2026-01-22 07:57:26.77267+00,2026-01-22 07:57:26.77267+00,NULL,0,0,
232,5,3,WH1-H5-R01-L3-P51,501,3,51,1501351,R - 501,2026-01-22 07:57:26.77267+00,2026-01-22 07:57:26.77267+00,NULL,0,0,
233,5,3,WH1-H5-R01-L3-P52,501,3,52,1501352,R - 501,2026-01-22 07:57:26.77267+00,2026-01-22 07:57:26.77267+00,NULL,0,0,
234,5,3,WH1-H5-R01-L3-P53,501,3,53,1501353,R - 501,2026-01-22 07:57:26.77267+00,2026-01-22 07:57:26.77267+00,NULL,0,0,
235,5,3,WH1-H5-R01-L3-P54,501,3,54,1501354,R - 501,2026-01-22 07:57:26.77267+00,2026-01-22 07:57:26.77267+00,NULL,0,0,
236,5,3,WH1-H5-R01-L3-P55,501,3,55,1501355,R - 501,2026-01-22 07:57:26.77267+00,2026-01-22 07:57:26.77267+00,NULL,0,0,
237,5,3,WH1-H5-R01-L3-P56,501,3,56,1501356,R - 501,2026-01-22 07:57:26.77267+00,2026-01-22 07:57:26.77267+00,NULL,0,0,
238,5,3,WH1-H5-R01-L3-P57,501,3,57,1501357,R - 501,2026-01-22 07:57:26.77267+00,2026-01-22 07:57:26.77267+00,NULL,0,0,
239,5,3,WH1-H5-R01-L3-P58,501,3,58,1501358,R - 501,2026-01-22 07:57:26.77267+00,2026-01-22 07:57:26.77267+00,NULL,0,0,
240,5,3,WH1-H5-R01-L3-P59,501,3,59,1501359,R - 501,2026-01-22 07:57:26.77267+00,2026-01-22 07:57:26.77267+00,NULL,0,0,
241,5,3,WH1-H5-R01-L3-P60,501,3,60,1501360,R - 501,2026-01-22 07:57:26.77267+00,2026-01-22 07:57:26.77267+00,NULL,0,0,
242,5,3,WH1-H5-R01-L3-P61,501,3,61,1501361,R - 501,2026-01-22 07:57:26.77267+00,2026-01-22 07:57:26.77267+00,NULL,0,0,
243,5,3,WH1-H5-R01-L3-P62,501,3,62,1501362,R - 501,2026-01-22 07:57:26.77267+00,2026-01-22 07:57:26.77267+00,NULL,0,0,
244,5,3,WH1-H5-R01-L3-P63,501,3,63,1501363,R - 501,2026-01-22 07:57:26.77267+00,2026-01-22 07:57:26.77267+00,NULL,0,0,
245,5,3,WH1-H5-R01-L3-P64,501,3,64,1501364,R - 501,2026-01-22 07:57:26.77267+00,2026-01-22 07:57:26.77267+00,NULL,0,0,
246,5,3,WH1-H5-R01-L3-P65,501,3,65,1501365,R - 501,2026-01-22 07:57:26.77267+00,2026-01-22 07:57:26.77267+00,NULL,0,0,
247,5,3,WH1-H5-R01-L3-P66,501,3,66,1501366,R - 501,2026-01-22 07:57:26.77267+00,2026-01-22 07:57:26.77267+00,NULL,0,0,
248,5,3,WH1-H5-R01-L4-P01,501,4,01,1501401,R - 501,2026-01-22 07:57:26.77267+00,2026-01-22 07:57:26.77267+00,NULL,0,0,
249,5,3,WH1-H5-R01-L4-P02,501,4,02,1501402,R - 501,2026-01-22 07:57:26.77267+00,2026-01-22 07:57:26.77267+00,NULL,0,0,
250,5,3,WH1-H5-R01-L4-P03,501,4,03,1501403,R - 501,2026-01-22 07:57:26.77267+00,2026-01-22 07:57:26.77267+00,NULL,0,0,
251,5,3,WH1-H5-R01-L4-P04,501,4,04,1501404,R - 501,2026-01-22 07:57:26.77267+00,2026-01-22 07:57:26.77267+00,NULL,0,0,
252,5,3,WH1-H5-R01-L4-P05,501,4,05,1501405,R - 501,2026-01-22 07:57:26.77267+00,2026-01-22 07:57:26.77267+00,NULL,0,0,
253,5,3,WH1-H5-R01-L4-P06,501,4,06,1501406,R - 501,2026-01-22 07:57:26.77267+00,2026-01-22 07:57:26.77267+00,NULL,0,0,
254,5,3,WH1-H5-R01-L4-P07,501,4,07,1501407,R - 501,2026-01-22 07:57:26.77267+00,2026-01-22 07:57:26.77267+00,NULL,0,0,
255,5,3,WH1-H5-R01-L4-P08,501,4,08,1501408,R - 501,2026-01-22 07:57:26.77267+00,2026-01-22 07:57:26.77267+00,NULL,0,0,
256,5,3,WH1-H5-R01-L4-P09,501,4,09,1501409,R - 501,2026-01-22 07:57:26.77267+00,2026-01-22 07:57:26.77267+00,NULL,0,0,
257,5,3,WH1-H5-R01-L4-P10,501,4,10,1501410,R - 501,2026-01-22 07:57:26.77267+00,2026-01-22 07:57:26.77267+00,NULL,0,0,
258,5,3,WH1-H5-R01-L4-P11,501,4,11,1501411,R - 501,2026-01-22 07:57:26.77267+00,2026-01-22 07:57:26.77267+00,NULL,0,0,
259,5,3,WH1-H5-R01-L4-P12,501,4,12,1501412,R - 501,2026-01-22 07:57:26.77267+00,2026-01-22 07:57:26.77267+00,NULL,0,0,
260,5,3,WH1-H5-R01-L4-P13,501,4,13,1501413,R - 501,2026-01-22 07:57:26.77267+00,2026-01-22 07:57:26.77267+00,NULL,0,0,
261,5,3,WH1-H5-R01-L4-P14,501,4,14,1501414,R - 501,2026-01-22 07:57:26.77267+00,2026-01-22 07:57:26.77267+00,NULL,0,0,
262,5,3,WH1-H5-R01-L4-P15,501,4,15,1501415,R - 501,2026-01-22 07:57:26.77267+00,2026-01-22 07:57:26.77267+00,NULL,0,0,
263,5,3,WH1-H5-R01-L4-P16,501,4,16,1501416,R - 501,2026-01-22 07:57:26.77267+00,2026-01-22 07:57:26.77267+00,NULL,0,0,
264,5,3,WH1-H5-R01-L4-P17,501,4,17,1501417,R - 501,2026-01-22 07:57:26.77267+00,2026-01-22 07:57:26.77267+00,NULL,0,0,
265,5,3,WH1-H5-R01-L4-P18,501,4,18,1501418,R - 501,2026-01-22 07:57:26.77267+00,2026-01-22 07:57:26.77267+00,NULL,0,0,
266,5,3,WH1-H5-R01-L4-P19,501,4,19,1501419,R - 501,2026-01-22 07:57:26.77267+00,2026-01-22 07:57:26.77267+00,NULL,0,0,
267,5,3,WH1-H5-R01-L4-P20,501,4,20,1501420,R - 501,2026-01-22 07:57:26.77267+00,2026-01-22 07:57:26.77267+00,NULL,0,0,
268,5,3,WH1-H5-R01-L4-P21,501,4,21,1501421,R - 501,2026-01-22 07:57:26.77267+00,2026-01-22 07:57:26.77267+00,NULL,0,0,
269,5,3,WH1-H5-R01-L4-P22,501,4,22,1501422,R - 501,2026-01-22 07:57:26.77267+00,2026-01-22 07:57:26.77267+00,NULL,0,0,
270,5,3,WH1-H5-R01-L4-P23,501,4,23,1501423,R - 501,2026-01-22 07:57:26.77267+00,2026-01-22 07:57:26.77267+00,NULL,0,0,
271,5,3,WH1-H5-R01-L4-P24,501,4,24,1501424,R - 501,2026-01-22 07:57:26.77267+00,2026-01-22 07:57:26.77267+00,NULL,0,0,
272,5,3,WH1-H5-R01-L4-P25,501,4,25,1501425,R - 501,2026-01-22 07:57:26.77267+00,2026-01-22 07:57:26.77267+00,NULL,0,0,
273,5,3,WH1-H5-R01-L4-P26,501,4,26,1501426,R - 501,2026-01-22 07:57:26.77267+00,2026-01-22 07:57:26.77267+00,NULL,0,0,
274,5,3,WH1-H5-R01-L4-P27,501,4,27,1501427,R - 501,2026-01-22 07:57:26.77267+00,2026-01-22 07:57:26.77267+00,NULL,0,0,
275,5,3,WH1-H5-R01-L4-P28,501,4,28,1501428,R - 501,2026-01-22 07:57:26.77267+00,2026-01-22 07:57:26.77267+00,NULL,0,0,
276,5,3,WH1-H5-R01-L4-P29,501,4,29,1501429,R - 501,2026-01-22 07:57:26.77267+00,2026-01-22 07:57:26.77267+00,NULL,0,0,
277,5,3,WH1-H5-R01-L4-P30,501,4,30,1501430,R - 501,2026-01-22 07:57:26.77267+00,2026-01-22 07:57:26.77267+00,NULL,0,0,
278,5,3,WH1-H5-R01-L4-P31,501,4,31,1501431,R - 501,2026-01-22 07:57:26.77267+00,2026-01-22 07:57:26.77267+00,NULL,0,0,
279,5,3,WH1-H5-R01-L4-P32,501,4,32,1501432,R - 501,2026-01-22 07:57:26.77267+00,2026-01-22 07:57:26.77267+00,NULL,0,0,
280,5,3,WH1-H5-R01-L4-P33,501,4,33,1501433,R - 501,2026-01-22 07:57:26.77267+00,2026-01-22 07:57:26.77267+00,NULL,0,0,
281,5,3,WH1-H5-R01-L4-P34,501,4,34,1501434,R - 501,2026-01-22 07:57:26.77267+00,2026-01-22 07:57:26.77267+00,NULL,0,0,
282,5,3,WH1-H5-R01-L4-P35,501,4,35,1501435,R - 501,2026-01-22 07:57:26.77267+00,2026-01-22 07:57:26.77267+00,NULL,0,0,
283,5,3,WH1-H5-R01-L4-P36,501,4,36,1501436,R - 501,2026-01-22 07:57:26.77267+00,2026-01-22 07:57:26.77267+00,NULL,0,0,
284,5,3,WH1-H5-R01-L4-P37,501,4,37,1501437,R - 501,2026-01-22 07:57:26.77267+00,2026-01-22 07:57:26.77267+00,NULL,0,0,
285,5,3,WH1-H5-R01-L4-P38,501,4,38,1501438,R - 501,2026-01-22 07:57:26.77267+00,2026-01-22 07:57:26.77267+00,NULL,0,0,
286,5,3,WH1-H5-R01-L4-P39,501,4,39,1501439,R - 501,2026-01-22 07:57:26.77267+00,2026-01-22 07:57:26.77267+00,NULL,0,0,
287,5,3,WH1-H5-R01-L4-P40,501,4,40,1501440,R - 501,2026-01-22 07:57:26.77267+00,2026-01-22 07:57:26.77267+00,NULL,0,0,
288,5,3,WH1-H5-R01-L4-P41,501,4,41,1501441,R - 501,2026-01-22 07:57:26.77267+00,2026-01-22 07:57:26.77267+00,NULL,0,0,
289,5,3,WH1-H5-R01-L4-P42,501,4,42,1501442,R - 501,2026-01-22 07:57:26.77267+00,2026-01-22 07:57:26.77267+00,NULL,0,0,
290,5,3,WH1-H5-R01-L4-P43,501,4,43,1501443,R - 501,2026-01-22 07:57:26.77267+00,2026-01-22 07:57:26.77267+00,NULL,0,0,
291,5,3,WH1-H5-R01-L4-P44,501,4,44,1501444,R - 501,2026-01-22 07:57:26.77267+00,2026-01-22 07:57:26.77267+00,NULL,0,0,
292,5,3,WH1-H5-R01-L4-P45,501,4,45,1501445,R - 501,2026-01-22 07:57:26.77267+00,2026-01-22 07:57:26.77267+00,NULL,0,0,
293,5,3,WH1-H5-R01-L4-P46,501,4,46,1501446,R - 501,2026-01-22 07:57:26.77267+00,2026-01-22 07:57:26.77267+00,NULL,0,0,
294,5,3,WH1-H5-R01-L4-P47,501,4,47,1501447,R - 501,2026-01-22 07:57:26.77267+00,2026-01-22 07:57:26.77267+00,NULL,0,0,
295,5,3,WH1-H5-R01-L4-P48,501,4,48,1501448,R - 501,2026-01-22 07:57:26.77267+00,2026-01-22 07:57:26.77267+00,NULL,0,0,
296,5,3,WH1-H5-R01-L4-P49,501,4,49,1501449,R - 501,2026-01-22 07:57:26.77267+00,2026-01-22 07:57:26.77267+00,NULL,0,0,
297,5,3,WH1-H5-R01-L4-P50,501,4,50,1501450,R - 501,2026-01-22 07:57:26.77267+00,2026-01-22 07:57:26.77267+00,NULL,0,0,
298,5,3,WH1-H5-R01-L4-P51,501,4,51,1501451,R - 501,2026-01-22 07:57:26.77267+00,2026-01-22 07:57:26.77267+00,NULL,0,0,
299,5,3,WH1-H5-R01-L4-P52,501,4,52,1501452,R - 501,2026-01-22 07:57:26.77267+00,2026-01-22 07:57:26.77267+00,NULL,0,0,
300,5,3,WH1-H5-R01-L4-P53,501,4,53,1501453,R - 501,2026-01-22 07:57:26.77267+00,2026-01-22 07:57:26.77267+00,NULL,0,0,
301,5,3,WH1-H5-R01-L4-P54,501,4,54,1501454,R - 501,2026-01-22 07:57:26.77267+00,2026-01-22 07:57:26.77267+00,NULL,0,0,
302,5,3,WH1-H5-R01-L4-P55,501,4,55,1501455,R - 501,2026-01-22 07:57:26.77267+00,2026-01-22 07:57:26.77267+00,NULL,0,0,
303,5,3,WH1-H5-R01-L4-P56,501,4,56,1501456,R - 501,2026-01-22 07:57:26.77267+00,2026-01-22 07:57:26.77267+00,NULL,0,0,
304,5,3,WH1-H5-R01-L4-P57,501,4,57,1501457,R - 501,2026-01-22 07:57:26.77267+00,2026-01-22 07:57:26.77267+00,NULL,0,0,
305,5,3,WH1-H5-R01-L4-P58,501,4,58,1501458,R - 501,2026-01-22 07:57:26.77267+00,2026-01-22 07:57:26.77267+00,NULL,0,0,
306,5,3,WH1-H5-R01-L4-P59,501,4,59,1501459,R - 501,2026-01-22 07:57:26.77267+00,2026-01-22 07:57:26.77267+00,NULL,0,0,
307,5,3,WH1-H5-R01-L4-P60,501,4,60,1501460,R - 501,2026-01-22 07:57:26.77267+00,2026-01-22 07:57:26.77267+00,NULL,0,0,
308,5,3,WH1-H5-R01-L4-P61,501,4,61,1501461,R - 501,2026-01-22 07:57:26.77267+00,2026-01-22 07:57:26.77267+00,NULL,0,0,
309,5,3,WH1-H5-R01-L4-P62,501,4,62,1501462,R - 501,2026-01-22 07:57:26.77267+00,2026-01-22 07:57:26.77267+00,NULL,0,0,
310,5,3,WH1-H5-R01-L4-P63,501,4,63,1501463,R - 501,2026-01-22 07:57:26.77267+00,2026-01-22 07:57:26.77267+00,NULL,0,0,
311,5,3,WH1-H5-R01-L4-P64,501,4,64,1501464,R - 501,2026-01-22 07:57:26.77267+00,2026-01-22 07:57:26.77267+00,NULL,0,0,
312,5,3,WH1-H5-R01-L4-P65,501,4,65,1501465,R - 501,2026-01-22 07:57:26.77267+00,2026-01-22 07:57:26.77267+00,NULL,0,0,
313,5,3,WH1-H5-R01-L4-P66,501,4,66,1501466,R - 501,2026-01-22 07:57:26.77267+00,2026-01-22 07:57:26.77267+00,NULL,0,0,
314,5,3,WH1-H5-R03-L1-P01,503,1,01,1503101,R - 503,2026-01-22 07:57:26.77267+00,2026-01-22 07:57:26.77267+00,NULL,0,0,
315,5,3,WH1-H5-R03-L1-P02,503,1,02,1503102,R - 503,2026-01-22 07:57:26.77267+00,2026-01-22 07:57:26.77267+00,NULL,0,0,
316,5,3,WH1-H5-R03-L1-P03,503,1,03,1503103,R - 503,2026-01-22 07:57:26.77267+00,2026-01-22 07:57:26.77267+00,NULL,0,0,
317,5,3,WH1-H5-R03-L1-P04,503,1,04,1503104,R - 503,2026-01-22 07:57:26.77267+00,2026-01-22 07:57:26.77267+00,NULL,0,0,
318,5,3,WH1-H5-R03-L1-P05,503,1,05,1503105,R - 503,2026-01-22 07:57:26.77267+00,2026-01-22 07:57:26.77267+00,NULL,0,0,
319,5,3,WH1-H5-R03-L1-P06,503,1,06,1503106,R - 503,2026-01-22 07:57:26.77267+00,2026-01-22 07:57:26.77267+00,NULL,0,0,
320,5,3,WH1-H5-R03-L1-P07,503,1,07,1503107,R - 503,2026-01-22 07:57:26.77267+00,2026-01-22 07:57:26.77267+00,NULL,0,0,
321,5,3,WH1-H5-R03-L1-P08,503,1,08,1503108,R - 503,2026-01-22 07:57:26.77267+00,2026-01-22 07:57:26.77267+00,NULL,0,0,
322,5,3,WH1-H5-R03-L1-P09,503,1,09,1503109,R - 503,2026-01-22 07:57:26.77267+00,2026-01-22 07:57:26.77267+00,NULL,0,0,
323,5,3,WH1-H5-R03-L1-P10,503,1,10,1503110,R - 503,2026-01-22 07:57:26.77267+00,2026-01-22 07:57:26.77267+00,NULL,0,0,
324,5,3,WH1-H5-R03-L1-P11,503,1,11,1503111,R - 503,2026-01-22 07:57:26.77267+00,2026-01-22 07:57:26.77267+00,NULL,0,0,
325,5,3,WH1-H5-R03-L1-P12,503,1,12,1503112,R - 503,2026-01-22 07:57:26.77267+00,2026-01-22 07:57:26.77267+00,NULL,0,0,
326,5,3,WH1-H5-R03-L1-P13,503,1,13,1503113,R - 503,2026-01-22 07:57:26.77267+00,2026-01-22 07:57:26.77267+00,NULL,0,0,
327,5,3,WH1-H5-R03-L1-P14,503,1,14,1503114,R - 503,2026-01-22 07:57:26.77267+00,2026-01-22 07:57:26.77267+00,NULL,0,0,
328,5,3,WH1-H5-R03-L1-P15,503,1,15,1503115,R - 503,2026-01-22 07:57:26.77267+00,2026-01-22 07:57:26.77267+00,NULL,0,0,
329,5,3,WH1-H5-R03-L1-P16,503,1,16,1503116,R - 503,2026-01-22 07:57:26.77267+00,2026-01-22 07:57:26.77267+00,NULL,0,0,
330,5,3,WH1-H5-R03-L1-P17,503,1,17,1503117,R - 503,2026-01-22 07:57:26.77267+00,2026-01-22 07:57:26.77267+00,NULL,0,0,
331,5,3,WH1-H5-R03-L1-P18,503,1,18,1503118,R - 503,2026-01-22 07:57:26.77267+00,2026-01-22 07:57:26.77267+00,NULL,0,0,
332,5,3,WH1-H5-R03-L1-P19,503,1,19,1503119,R - 503,2026-01-22 07:57:26.77267+00,2026-01-22 07:57:26.77267+00,NULL,0,0,
333,5,3,WH1-H5-R03-L1-P20,503,1,20,1503120,R - 503,2026-01-22 07:57:26.77267+00,2026-01-22 07:57:26.77267+00,NULL,0,0,
334,5,3,WH1-H5-R03-L1-P21,503,1,21,1503121,R - 503,2026-01-22 07:57:26.77267+00,2026-01-22 07:57:26.77267+00,NULL,0,0,
335,5,3,WH1-H5-R03-L1-P22,503,1,22,1503122,R - 503,2026-01-22 07:57:26.77267+00,2026-01-22 07:57:26.77267+00,NULL,0,0,
336,5,3,WH1-H5-R03-L1-P23,503,1,23,1503123,R - 503,2026-01-22 07:57:26.77267+00,2026-01-22 07:57:26.77267+00,NULL,0,0,
337,5,3,WH1-H5-R03-L1-P24,503,1,24,1503124,R - 503,2026-01-22 07:57:26.77267+00,2026-01-22 07:57:26.77267+00,NULL,0,0,
338,5,3,WH1-H5-R03-L1-P25,503,1,25,1503125,R - 503,2026-01-22 07:57:26.77267+00,2026-01-22 07:57:26.77267+00,NULL,0,0,
339,5,3,WH1-H5-R03-L1-P26,503,1,26,1503126,R - 503,2026-01-22 07:57:26.77267+00,2026-01-22 07:57:26.77267+00,NULL,0,0,
340,5,3,WH1-H5-R03-L1-P27,503,1,27,1503127,R - 503,2026-01-22 07:57:26.77267+00,2026-01-22 07:57:26.77267+00,NULL,0,0,
341,5,3,WH1-H5-R03-L1-P28,503,1,28,1503128,R - 503,2026-01-22 07:57:26.77267+00,2026-01-22 07:57:26.77267+00,NULL,0,0,
342,5,3,WH1-H5-R03-L1-P29,503,1,29,1503129,R - 503,2026-01-22 07:57:26.77267+00,2026-01-22 07:57:26.77267+00,NULL,0,0,
343,5,3,WH1-H5-R03-L1-P30,503,1,30,1503130,R - 503,2026-01-22 07:57:26.77267+00,2026-01-22 07:57:26.77267+00,NULL,0,0,
344,5,3,WH1-H5-R03-L1-P31,503,1,31,1503131,R - 503,2026-01-22 07:57:26.77267+00,2026-01-22 07:57:26.77267+00,NULL,0,0,
345,5,3,WH1-H5-R03-L1-P32,503,1,32,1503132,R - 503,2026-01-22 07:57:26.77267+00,2026-01-22 07:57:26.77267+00,NULL,0,0,
346,5,3,WH1-H5-R03-L1-P33,503,1,33,1503133,R - 503,2026-01-22 07:57:26.77267+00,2026-01-22 07:57:26.77267+00,NULL,0,0,
347,5,3,WH1-H5-R03-L1-P34,503,1,34,1503134,R - 503,2026-01-22 07:57:26.77267+00,2026-01-22 07:57:26.77267+00,NULL,0,0,
348,5,3,WH1-H5-R03-L1-P35,503,1,35,1503135,R - 503,2026-01-22 07:57:26.77267+00,2026-01-22 07:57:26.77267+00,NULL,0,0,
349,5,3,WH1-H5-R03-L1-P36,503,1,36,1503136,R - 503,2026-01-22 07:57:26.77267+00,2026-01-22 07:57:26.77267+00,NULL,0,0,
350,5,3,WH1-H5-R03-L1-P37,503,1,37,1503137,R - 503,2026-01-22 07:57:26.77267+00,2026-01-22 07:57:26.77267+00,NULL,0,0,
351,5,3,WH1-H5-R03-L1-P38,503,1,38,1503138,R - 503,2026-01-22 07:57:26.77267+00,2026-01-22 07:57:26.77267+00,NULL,0,0,
352,5,3,WH1-H5-R03-L1-P39,503,1,39,1503139,R - 503,2026-01-22 07:57:26.77267+00,2026-01-22 07:57:26.77267+00,NULL,0,0,
353,5,3,WH1-H5-R03-L1-P40,503,1,40,1503140,R - 503,2026-01-22 07:57:26.77267+00,2026-01-22 07:57:26.77267+00,NULL,0,0,
354,5,3,WH1-H5-R03-L1-P41,503,1,41,1503141,R - 503,2026-01-22 07:57:26.77267+00,2026-01-22 07:57:26.77267+00,NULL,0,0,
355,5,3,WH1-H5-R03-L1-P42,503,1,42,1503142,R - 503,2026-01-22 07:57:26.77267+00,2026-01-22 07:57:26.77267+00,NULL,0,0,
356,5,3,WH1-H5-R03-L1-P43,503,1,43,1503143,R - 503,2026-01-22 07:57:26.77267+00,2026-01-22 07:57:26.77267+00,NULL,0,0,
357,5,3,WH1-H5-R03-L1-P44,503,1,44,1503144,R - 503,2026-01-22 07:57:26.77267+00,2026-01-22 07:57:26.77267+00,NULL,0,0,
358,5,3,WH1-H5-R03-L1-P45,503,1,45,1503145,R - 503,2026-01-22 07:57:26.77267+00,2026-01-22 07:57:26.77267+00,NULL,0,0,
359,5,3,WH1-H5-R03-L1-P46,503,1,46,1503146,R - 503,2026-01-22 07:57:26.77267+00,2026-01-22 07:57:26.77267+00,NULL,0,0,
360,5,3,WH1-H5-R03-L1-P47,503,1,47,1503147,R - 503,2026-01-22 07:57:26.77267+00,2026-01-22 07:57:26.77267+00,NULL,0,0,
361,5,3,WH1-H5-R03-L1-P48,503,1,48,1503148,R - 503,2026-01-22 07:57:26.77267+00,2026-01-22 07:57:26.77267+00,NULL,0,0,
362,5,3,WH1-H5-R03-L1-P49,503,1,49,1503149,R - 503,2026-01-22 07:57:26.77267+00,2026-01-22 07:57:26.77267+00,NULL,0,0,
363,5,3,WH1-H5-R03-L1-P50,503,1,50,1503150,R - 503,2026-01-22 07:57:26.77267+00,2026-01-22 07:57:26.77267+00,NULL,0,0,
364,5,3,WH1-H5-R03-L1-P51,503,1,51,1503151,R - 503,2026-01-22 07:57:26.77267+00,2026-01-22 07:57:26.77267+00,NULL,0,0,
365,5,3,WH1-H5-R03-L1-P52,503,1,52,1503152,R - 503,2026-01-22 07:57:26.77267+00,2026-01-22 07:57:26.77267+00,NULL,0,0,
366,5,3,WH1-H5-R03-L1-P53,503,1,53,1503153,R - 503,2026-01-22 07:57:26.77267+00,2026-01-22 07:57:26.77267+00,NULL,0,0,
367,5,3,WH1-H5-R03-L1-P54,503,1,54,1503154,R - 503,2026-01-22 07:57:26.77267+00,2026-01-22 07:57:26.77267+00,NULL,0,0,
368,5,3,WH1-H5-R03-L1-P55,503,1,55,1503155,R - 503,2026-01-22 07:57:26.77267+00,2026-01-22 07:57:26.77267+00,NULL,0,0,
369,5,3,WH1-H5-R03-L1-P56,503,1,56,1503156,R - 503,2026-01-22 07:57:26.77267+00,2026-01-22 07:57:26.77267+00,NULL,0,0,
370,5,3,WH1-H5-R03-L1-P57,503,1,57,1503157,R - 503,2026-01-22 07:57:26.77267+00,2026-01-22 07:57:26.77267+00,NULL,0,0,
371,5,3,WH1-H5-R03-L1-P58,503,1,58,1503158,R - 503,2026-01-22 07:57:26.77267+00,2026-01-22 07:57:26.77267+00,NULL,0,0,
372,5,3,WH1-H5-R03-L1-P59,503,1,59,1503159,R - 503,2026-01-22 07:57:26.77267+00,2026-01-22 07:57:26.77267+00,NULL,0,0,
373,5,3,WH1-H5-R03-L1-P60,503,1,60,1503160,R - 503,2026-01-22 07:57:26.77267+00,2026-01-22 07:57:26.77267+00,NULL,0,0,
374,5,3,WH1-H5-R03-L1-P61,503,1,61,1503161,R - 503,2026-01-22 07:57:26.77267+00,2026-01-22 07:57:26.77267+00,NULL,0,0,
375,5,3,WH1-H5-R03-L1-P62,503,1,62,1503162,R - 503,2026-01-22 07:57:26.77267+00,2026-01-22 07:57:26.77267+00,NULL,0,0,
376,5,3,WH1-H5-R03-L1-P63,503,1,63,1503163,R - 503,2026-01-22 07:57:26.77267+00,2026-01-22 07:57:26.77267+00,NULL,0,0,
377,5,3,WH1-H5-R03-L1-P64,503,1,64,1503164,R - 503,2026-01-22 07:57:26.77267+00,2026-01-22 07:57:26.77267+00,NULL,0,0,
378,5,3,WH1-H5-R03-L1-P65,503,1,65,1503165,R - 503,2026-01-22 07:57:26.77267+00,2026-01-22 07:57:26.77267+00,NULL,0,0,
379,5,3,WH1-H5-R03-L1-P66,503,1,66,1503166,R - 503,2026-01-22 07:57:26.77267+00,2026-01-22 07:57:26.77267+00,NULL,0,0,
380,5,3,WH1-H5-R03-L2-P01,503,2,01,1503201,R - 503,2026-01-22 07:57:26.77267+00,2026-01-22 07:57:26.77267+00,NULL,0,0,
381,5,3,WH1-H5-R03-L2-P02,503,2,02,1503202,R - 503,2026-01-22 07:57:26.77267+00,2026-01-22 07:57:26.77267+00,NULL,0,0,
382,5,3,WH1-H5-R03-L2-P03,503,2,03,1503203,R - 503,2026-01-22 07:57:26.77267+00,2026-01-22 07:57:26.77267+00,NULL,0,0,
383,5,3,WH1-H5-R03-L2-P04,503,2,04,1503204,R - 503,2026-01-22 07:57:26.77267+00,2026-01-22 07:57:26.77267+00,NULL,0,0,
384,5,3,WH1-H5-R03-L2-P05,503,2,05,1503205,R - 503,2026-01-22 07:57:26.77267+00,2026-01-22 07:57:26.77267+00,NULL,0,0,
385,5,3,WH1-H5-R03-L2-P06,503,2,06,1503206,R - 503,2026-01-22 07:57:26.77267+00,2026-01-22 07:57:26.77267+00,NULL,0,0,
386,5,3,WH1-H5-R03-L2-P07,503,2,07,1503207,R - 503,2026-01-22 07:57:26.77267+00,2026-01-22 07:57:26.77267+00,NULL,0,0,
387,5,3,WH1-H5-R03-L2-P08,503,2,08,1503208,R - 503,2026-01-22 07:57:26.77267+00,2026-01-22 07:57:26.77267+00,NULL,0,0,
388,5,3,WH1-H5-R03-L2-P09,503,2,09,1503209,R - 503,2026-01-22 07:57:26.77267+00,2026-01-22 07:57:26.77267+00,NULL,0,0,
389,5,3,WH1-H5-R03-L2-P10,503,2,10,1503210,R - 503,2026-01-22 07:57:26.77267+00,2026-01-22 07:57:26.77267+00,NULL,0,0,
390,5,3,WH1-H5-R03-L2-P11,503,2,11,1503211,R - 503,2026-01-22 07:57:26.77267+00,2026-01-22 07:57:26.77267+00,NULL,0,0,
391,5,3,WH1-H5-R03-L2-P12,503,2,12,1503212,R - 503,2026-01-22 07:57:26.77267+00,2026-01-22 07:57:26.77267+00,NULL,0,0,
392,5,3,WH1-H5-R03-L2-P13,503,2,13,1503213,R - 503,2026-01-22 07:57:26.77267+00,2026-01-22 07:57:26.77267+00,NULL,0,0,
393,5,3,WH1-H5-R03-L2-P14,503,2,14,1503214,R - 503,2026-01-22 07:57:26.77267+00,2026-01-22 07:57:26.77267+00,NULL,0,0,
394,5,3,WH1-H5-R03-L2-P15,503,2,15,1503215,R - 503,2026-01-22 07:57:26.77267+00,2026-01-22 07:57:26.77267+00,NULL,0,0,
395,5,3,WH1-H5-R03-L2-P16,503,2,16,1503216,R - 503,2026-01-22 07:57:26.77267+00,2026-01-22 07:57:26.77267+00,NULL,0,0,
396,5,3,WH1-H5-R03-L2-P17,503,2,17,1503217,R - 503,2026-01-22 07:57:26.77267+00,2026-01-22 07:57:26.77267+00,NULL,0,0,
397,5,3,WH1-H5-R03-L2-P18,503,2,18,1503218,R - 503,2026-01-22 07:57:26.77267+00,2026-01-22 07:57:26.77267+00,NULL,0,0,
398,5,3,WH1-H5-R03-L2-P19,503,2,19,1503219,R - 503,2026-01-22 07:57:26.77267+00,2026-01-22 07:57:26.77267+00,NULL,0,0,
399,5,3,WH1-H5-R03-L2-P20,503,2,20,1503220,R - 503,2026-01-22 07:57:26.77267+00,2026-01-22 07:57:26.77267+00,NULL,0,0,
400,5,3,WH1-H5-R03-L2-P21,503,2,21,1503221,R - 503,2026-01-22 07:57:26.77267+00,2026-01-22 07:57:26.77267+00,NULL,0,0,
401,5,3,WH1-H5-R03-L2-P22,503,2,22,1503222,R - 503,2026-01-22 07:57:26.77267+00,2026-01-22 07:57:26.77267+00,NULL,0,0,
402,5,3,WH1-H5-R03-L2-P23,503,2,23,1503223,R - 503,2026-01-22 07:57:26.77267+00,2026-01-22 07:57:26.77267+00,NULL,0,0,
403,5,3,WH1-H5-R03-L2-P24,503,2,24,1503224,R - 503,2026-01-22 07:57:26.77267+00,2026-01-22 07:57:26.77267+00,NULL,0,0,
404,5,3,WH1-H5-R03-L2-P25,503,2,25,1503225,R - 503,2026-01-22 07:57:26.77267+00,2026-01-22 07:57:26.77267+00,NULL,0,0,
405,5,3,WH1-H5-R03-L2-P26,503,2,26,1503226,R - 503,2026-01-22 07:57:26.77267+00,2026-01-22 07:57:26.77267+00,NULL,0,0,
406,5,3,WH1-H5-R03-L2-P27,503,2,27,1503227,R - 503,2026-01-22 07:57:26.77267+00,2026-01-22 07:57:26.77267+00,NULL,0,0,
407,5,3,WH1-H5-R03-L2-P28,503,2,28,1503228,R - 503,2026-01-22 07:57:26.77267+00,2026-01-22 07:57:26.77267+00,NULL,0,0,
408,5,3,WH1-H5-R03-L2-P29,503,2,29,1503229,R - 503,2026-01-22 07:57:26.77267+00,2026-01-22 07:57:26.77267+00,NULL,0,0,
409,5,3,WH1-H5-R03-L2-P30,503,2,30,1503230,R - 503,2026-01-22 07:57:26.77267+00,2026-01-22 07:57:26.77267+00,NULL,0,0,
410,5,3,WH1-H5-R03-L2-P31,503,2,31,1503231,R - 503,2026-01-22 07:57:26.77267+00,2026-01-22 07:57:26.77267+00,NULL,0,0,
411,5,3,WH1-H5-R03-L2-P32,503,2,32,1503232,R - 503,2026-01-22 07:57:26.77267+00,2026-01-22 07:57:26.77267+00,NULL,0,0,
412,5,3,WH1-H5-R03-L2-P33,503,2,33,1503233,R - 503,2026-01-22 07:57:26.77267+00,2026-01-22 07:57:26.77267+00,NULL,0,0,
413,5,3,WH1-H5-R03-L2-P34,503,2,34,1503234,R - 503,2026-01-22 07:57:26.77267+00,2026-01-22 07:57:26.77267+00,NULL,0,0,
414,5,3,WH1-H5-R03-L2-P35,503,2,35,1503235,R - 503,2026-01-22 07:57:26.77267+00,2026-01-22 07:57:26.77267+00,NULL,0,0,
415,5,3,WH1-H5-R03-L2-P36,503,2,36,1503236,R - 503,2026-01-22 07:57:26.77267+00,2026-01-22 07:57:26.77267+00,NULL,0,0,
416,5,3,WH1-H5-R03-L2-P37,503,2,37,1503237,R - 503,2026-01-22 07:57:26.77267+00,2026-01-22 07:57:26.77267+00,NULL,0,0,
417,5,3,WH1-H5-R03-L2-P38,503,2,38,1503238,R - 503,2026-01-22 07:57:26.77267+00,2026-01-22 07:57:26.77267+00,NULL,0,0,
418,5,3,WH1-H5-R03-L2-P39,503,2,39,1503239,R - 503,2026-01-22 07:57:26.77267+00,2026-01-22 07:57:26.77267+00,NULL,0,0,
419,5,3,WH1-H5-R03-L2-P40,503,2,40,1503240,R - 503,2026-01-22 07:57:26.77267+00,2026-01-22 07:57:26.77267+00,NULL,0,0,
420,5,3,WH1-H5-R03-L2-P41,503,2,41,1503241,R - 503,2026-01-22 07:57:26.77267+00,2026-01-22 07:57:26.77267+00,NULL,0,0,
421,5,3,WH1-H5-R03-L2-P42,503,2,42,1503242,R - 503,2026-01-22 07:57:26.77267+00,2026-01-22 07:57:26.77267+00,NULL,0,0,
422,5,3,WH1-H5-R03-L2-P43,503,2,43,1503243,R - 503,2026-01-22 07:57:26.77267+00,2026-01-22 07:57:26.77267+00,NULL,0,0,
423,5,3,WH1-H5-R03-L2-P44,503,2,44,1503244,R - 503,2026-01-22 07:57:26.77267+00,2026-01-22 07:57:26.77267+00,NULL,0,0,
424,5,3,WH1-H5-R03-L2-P45,503,2,45,1503245,R - 503,2026-01-22 07:57:26.77267+00,2026-01-22 07:57:26.77267+00,NULL,0,0,
425,5,3,WH1-H5-R03-L2-P46,503,2,46,1503246,R - 503,2026-01-22 07:57:26.77267+00,2026-01-22 07:57:26.77267+00,NULL,0,0,
426,5,3,WH1-H5-R03-L2-P47,503,2,47,1503247,R - 503,2026-01-22 07:57:26.77267+00,2026-01-22 07:57:26.77267+00,NULL,0,0,
427,5,3,WH1-H5-R03-L2-P48,503,2,48,1503248,R - 503,2026-01-22 07:57:26.77267+00,2026-01-22 07:57:26.77267+00,NULL,0,0,
428,5,3,WH1-H5-R03-L2-P49,503,2,49,1503249,R - 503,2026-01-22 07:57:26.77267+00,2026-01-22 07:57:26.77267+00,NULL,0,0,
429,5,3,WH1-H5-R03-L2-P50,503,2,50,1503250,R - 503,2026-01-22 07:57:26.77267+00,2026-01-22 07:57:26.77267+00,NULL,0,0,
430,5,3,WH1-H5-R03-L2-P51,503,2,51,1503251,R - 503,2026-01-22 07:57:26.77267+00,2026-01-22 07:57:26.77267+00,NULL,0,0,
431,5,3,WH1-H5-R03-L2-P52,503,2,52,1503252,R - 503,2026-01-22 07:57:26.77267+00,2026-01-22 07:57:26.77267+00,NULL,0,0,
432,5,3,WH1-H5-R03-L2-P53,503,2,53,1503253,R - 503,2026-01-22 07:57:26.77267+00,2026-01-22 07:57:26.77267+00,NULL,0,0,
433,5,3,WH1-H5-R03-L2-P54,503,2,54,1503254,R - 503,2026-01-22 07:57:26.77267+00,2026-01-22 07:57:26.77267+00,NULL,0,0,
434,5,3,WH1-H5-R03-L2-P55,503,2,55,1503255,R - 503,2026-01-22 07:57:26.77267+00,2026-01-22 07:57:26.77267+00,NULL,0,0,
435,5,3,WH1-H5-R03-L2-P56,503,2,56,1503256,R - 503,2026-01-22 07:57:26.77267+00,2026-01-22 07:57:26.77267+00,NULL,0,0,
436,5,3,WH1-H5-R03-L2-P57,503,2,57,1503257,R - 503,2026-01-22 07:57:26.77267+00,2026-01-22 07:57:26.77267+00,NULL,0,0,
437,5,3,WH1-H5-R03-L2-P58,503,2,58,1503258,R - 503,2026-01-22 07:57:26.77267+00,2026-01-22 07:57:26.77267+00,NULL,0,0,
438,5,3,WH1-H5-R03-L2-P59,503,2,59,1503259,R - 503,2026-01-22 07:57:26.77267+00,2026-01-22 07:57:26.77267+00,NULL,0,0,
439,5,3,WH1-H5-R03-L2-P60,503,2,60,1503260,R - 503,2026-01-22 07:57:26.77267+00,2026-01-22 07:57:26.77267+00,NULL,0,0,
440,5,3,WH1-H5-R03-L2-P61,503,2,61,1503261,R - 503,2026-01-22 07:57:26.77267+00,2026-01-22 07:57:26.77267+00,NULL,0,0,
441,5,3,WH1-H5-R03-L2-P62,503,2,62,1503262,R - 503,2026-01-22 07:57:26.77267+00,2026-01-22 07:57:26.77267+00,NULL,0,0,
442,5,3,WH1-H5-R03-L2-P63,503,2,63,1503263,R - 503,2026-01-22 07:57:26.77267+00,2026-01-22 07:57:26.77267+00,NULL,0,0,
443,5,3,WH1-H5-R03-L2-P64,503,2,64,1503264,R - 503,2026-01-22 07:57:26.77267+00,2026-01-22 07:57:26.77267+00,NULL,0,0,
444,5,3,WH1-H5-R03-L2-P65,503,2,65,1503265,R - 503,2026-01-22 07:57:26.77267+00,2026-01-22 07:57:26.77267+00,NULL,0,0,
445,5,3,WH1-H5-R03-L2-P66,503,2,66,1503266,R - 503,2026-01-22 07:57:26.77267+00,2026-01-22 07:57:26.77267+00,NULL,0,0,
446,5,3,WH1-H5-R03-L3-P01,503,3,01,1503301,R - 503,2026-01-22 07:57:26.77267+00,2026-01-22 07:57:26.77267+00,NULL,0,0,
447,5,3,WH1-H5-R03-L3-P02,503,3,02,1503302,R - 503,2026-01-22 07:57:26.77267+00,2026-01-22 07:57:26.77267+00,NULL,0,0,
448,5,3,WH1-H5-R03-L3-P03,503,3,03,1503303,R - 503,2026-01-22 07:57:26.77267+00,2026-01-22 07:57:26.77267+00,NULL,0,0,
449,5,3,WH1-H5-R03-L3-P04,503,3,04,1503304,R - 503,2026-01-22 07:57:26.77267+00,2026-01-22 07:57:26.77267+00,NULL,0,0,
450,5,3,WH1-H5-R03-L3-P05,503,3,05,1503305,R - 503,2026-01-22 07:57:26.77267+00,2026-01-22 07:57:26.77267+00,NULL,0,0,
451,5,3,WH1-H5-R03-L3-P06,503,3,06,1503306,R - 503,2026-01-22 07:57:26.77267+00,2026-01-22 07:57:26.77267+00,NULL,0,0,
452,5,3,WH1-H5-R03-L3-P07,503,3,07,1503307,R - 503,2026-01-22 07:57:26.77267+00,2026-01-22 07:57:26.77267+00,NULL,0,0,
453,5,3,WH1-H5-R03-L3-P08,503,3,08,1503308,R - 503,2026-01-22 07:57:26.77267+00,2026-01-22 07:57:26.77267+00,NULL,0,0,
454,5,3,WH1-H5-R03-L3-P09,503,3,09,1503309,R - 503,2026-01-22 07:57:26.77267+00,2026-01-22 07:57:26.77267+00,NULL,0,0,
455,5,3,WH1-H5-R03-L3-P10,503,3,10,1503310,R - 503,2026-01-22 07:57:26.77267+00,2026-01-22 07:57:26.77267+00,NULL,0,0,
456,5,3,WH1-H5-R03-L3-P11,503,3,11,1503311,R - 503,2026-01-22 07:57:26.77267+00,2026-01-22 07:57:26.77267+00,NULL,0,0,
457,5,3,WH1-H5-R03-L3-P12,503,3,12,1503312,R - 503,2026-01-22 07:57:26.77267+00,2026-01-22 07:57:26.77267+00,NULL,0,0,
458,5,3,WH1-H5-R03-L3-P13,503,3,13,1503313,R - 503,2026-01-22 07:57:26.77267+00,2026-01-22 07:57:26.77267+00,NULL,0,0,
459,5,3,WH1-H5-R03-L3-P14,503,3,14,1503314,R - 503,2026-01-22 07:57:26.77267+00,2026-01-22 07:57:26.77267+00,NULL,0,0,
460,5,3,WH1-H5-R03-L3-P15,503,3,15,1503315,R - 503,2026-01-22 07:57:26.77267+00,2026-01-22 07:57:26.77267+00,NULL,0,0,
461,5,3,WH1-H5-R03-L3-P16,503,3,16,1503316,R - 503,2026-01-22 07:57:26.77267+00,2026-01-22 07:57:26.77267+00,NULL,0,0,
462,5,3,WH1-H5-R03-L3-P17,503,3,17,1503317,R - 503,2026-01-22 07:57:26.77267+00,2026-01-22 07:57:26.77267+00,NULL,0,0,
463,5,3,WH1-H5-R03-L3-P18,503,3,18,1503318,R - 503,2026-01-22 07:57:26.77267+00,2026-01-22 07:57:26.77267+00,NULL,0,0,
464,5,3,WH1-H5-R03-L3-P19,503,3,19,1503319,R - 503,2026-01-22 07:57:26.77267+00,2026-01-22 07:57:26.77267+00,NULL,0,0,
465,5,3,WH1-H5-R03-L3-P20,503,3,20,1503320,R - 503,2026-01-22 07:57:26.77267+00,2026-01-22 07:57:26.77267+00,NULL,0,0,
466,5,3,WH1-H5-R03-L3-P21,503,3,21,1503321,R - 503,2026-01-22 07:57:26.77267+00,2026-01-22 07:57:26.77267+00,NULL,0,0,
467,5,3,WH1-H5-R03-L3-P22,503,3,22,1503322,R - 503,2026-01-22 07:57:26.77267+00,2026-01-22 07:57:26.77267+00,NULL,0,0,
468,5,3,WH1-H5-R03-L3-P23,503,3,23,1503323,R - 503,2026-01-22 07:57:26.77267+00,2026-01-22 07:57:26.77267+00,NULL,0,0,
469,5,3,WH1-H5-R03-L3-P24,503,3,24,1503324,R - 503,2026-01-22 07:57:26.77267+00,2026-01-22 07:57:26.77267+00,NULL,0,0,
470,5,3,WH1-H5-R03-L3-P25,503,3,25,1503325,R - 503,2026-01-22 07:57:26.77267+00,2026-01-22 07:57:26.77267+00,NULL,0,0,
471,5,3,WH1-H5-R03-L3-P26,503,3,26,1503326,R - 503,2026-01-22 07:57:26.77267+00,2026-01-22 07:57:26.77267+00,NULL,0,0,
472,5,3,WH1-H5-R03-L3-P27,503,3,27,1503327,R - 503,2026-01-22 07:57:26.77267+00,2026-01-22 07:57:26.77267+00,NULL,0,0,
473,5,3,WH1-H5-R03-L3-P28,503,3,28,1503328,R - 503,2026-01-22 07:57:26.77267+00,2026-01-22 07:57:26.77267+00,NULL,0,0,
474,5,3,WH1-H5-R03-L3-P29,503,3,29,1503329,R - 503,2026-01-22 07:57:26.77267+00,2026-01-22 07:57:26.77267+00,NULL,0,0,
475,5,3,WH1-H5-R03-L3-P30,503,3,30,1503330,R - 503,2026-01-22 07:57:26.77267+00,2026-01-22 07:57:26.77267+00,NULL,0,0,
476,5,3,WH1-H5-R03-L3-P31,503,3,31,1503331,R - 503,2026-01-22 07:57:26.77267+00,2026-01-22 07:57:26.77267+00,NULL,0,0,
477,5,3,WH1-H5-R03-L3-P32,503,3,32,1503332,R - 503,2026-01-22 07:57:26.77267+00,2026-01-22 07:57:26.77267+00,NULL,0,0,
478,5,3,WH1-H5-R03-L3-P33,503,3,33,1503333,R - 503,2026-01-22 07:57:26.77267+00,2026-01-22 07:57:26.77267+00,NULL,0,0,
479,5,3,WH1-H5-R03-L3-P34,503,3,34,1503334,R - 503,2026-01-22 07:57:26.77267+00,2026-01-22 07:57:26.77267+00,NULL,0,0,
480,5,3,WH1-H5-R03-L3-P35,503,3,35,1503335,R - 503,2026-01-22 07:57:26.77267+00,2026-01-22 07:57:26.77267+00,NULL,0,0,
481,5,3,WH1-H5-R03-L3-P36,503,3,36,1503336,R - 503,2026-01-22 07:57:26.77267+00,2026-01-22 07:57:26.77267+00,NULL,0,0,
482,5,3,WH1-H5-R03-L3-P37,503,3,37,1503337,R - 503,2026-01-22 07:57:26.77267+00,2026-01-22 07:57:26.77267+00,NULL,0,0,
483,5,3,WH1-H5-R03-L3-P38,503,3,38,1503338,R - 503,2026-01-22 07:57:26.77267+00,2026-01-22 07:57:26.77267+00,NULL,0,0,
484,5,3,WH1-H5-R03-L3-P39,503,3,39,1503339,R - 503,2026-01-22 07:57:26.77267+00,2026-01-22 07:57:26.77267+00,NULL,0,0,
485,5,3,WH1-H5-R03-L3-P40,503,3,40,1503340,R - 503,2026-01-22 07:57:26.77267+00,2026-01-22 07:57:26.77267+00,NULL,0,0,
486,5,3,WH1-H5-R03-L3-P41,503,3,41,1503341,R - 503,2026-01-22 07:57:26.77267+00,2026-01-22 07:57:26.77267+00,NULL,0,0,
487,5,3,WH1-H5-R03-L3-P42,503,3,42,1503342,R - 503,2026-01-22 07:57:26.77267+00,2026-01-22 07:57:26.77267+00,NULL,0,0,
488,5,3,WH1-H5-R03-L3-P43,503,3,43,1503343,R - 503,2026-01-22 07:57:26.77267+00,2026-01-22 07:57:26.77267+00,NULL,0,0,
489,5,3,WH1-H5-R03-L3-P44,503,3,44,1503344,R - 503,2026-01-22 07:57:26.77267+00,2026-01-22 07:57:26.77267+00,NULL,0,0,
490,5,3,WH1-H5-R03-L3-P45,503,3,45,1503345,R - 503,2026-01-22 07:57:26.77267+00,2026-01-22 07:57:26.77267+00,NULL,0,0,
491,5,3,WH1-H5-R03-L3-P46,503,3,46,1503346,R - 503,2026-01-22 07:57:26.77267+00,2026-01-22 07:57:26.77267+00,NULL,0,0,
492,5,3,WH1-H5-R03-L3-P47,503,3,47,1503347,R - 503,2026-01-22 07:57:26.77267+00,2026-01-22 07:57:26.77267+00,NULL,0,0,
493,5,3,WH1-H5-R03-L3-P48,503,3,48,1503348,R - 503,2026-01-22 07:57:26.77267+00,2026-01-22 07:57:26.77267+00,NULL,0,0,
494,5,3,WH1-H5-R03-L3-P49,503,3,49,1503349,R - 503,2026-01-22 07:57:26.77267+00,2026-01-22 07:57:26.77267+00,NULL,0,0,
495,5,3,WH1-H5-R03-L3-P50,503,3,50,1503350,R - 503,2026-01-22 07:57:26.77267+00,2026-01-22 07:57:26.77267+00,NULL,0,0,
496,5,3,WH1-H5-R03-L3-P51,503,3,51,1503351,R - 503,2026-01-22 07:57:26.77267+00,2026-01-22 07:57:26.77267+00,NULL,0,0,
497,5,3,WH1-H5-R03-L3-P52,503,3,52,1503352,R - 503,2026-01-22 07:57:26.77267+00,2026-01-22 07:57:26.77267+00,NULL,0,0,
498,5,3,WH1-H5-R03-L3-P53,503,3,53,1503353,R - 503,2026-01-22 07:57:26.77267+00,2026-01-22 07:57:26.77267+00,NULL,0,0,
499,5,3,WH1-H5-R03-L3-P54,503,3,54,1503354,R - 503,2026-01-22 07:57:26.77267+00,2026-01-22 07:57:26.77267+00,NULL,0,0,
500,5,3,WH1-H5-R03-L3-P55,503,3,55,1503355,R - 503,2026-01-22 07:57:26.77267+00,2026-01-22 07:57:26.77267+00,NULL,0,0,
501,5,3,WH1-H5-R03-L3-P56,503,3,56,1503356,R - 503,2026-01-22 07:57:26.77267+00,2026-01-22 07:57:26.77267+00,NULL,0,0,
502,5,3,WH1-H5-R03-L3-P57,503,3,57,1503357,R - 503,2026-01-22 07:57:26.77267+00,2026-01-22 07:57:26.77267+00,NULL,0,0,
503,5,3,WH1-H5-R03-L3-P58,503,3,58,1503358,R - 503,2026-01-22 07:57:26.77267+00,2026-01-22 07:57:26.77267+00,NULL,0,0,
504,5,3,WH1-H5-R03-L3-P59,503,3,59,1503359,R - 503,2026-01-22 07:57:26.77267+00,2026-01-22 07:57:26.77267+00,NULL,0,0,
505,5,3,WH1-H5-R03-L3-P60,503,3,60,1503360,R - 503,2026-01-22 07:57:26.77267+00,2026-01-22 07:57:26.77267+00,NULL,0,0,
506,5,3,WH1-H5-R03-L3-P61,503,3,61,1503361,R - 503,2026-01-22 07:57:26.77267+00,2026-01-22 07:57:26.77267+00,NULL,0,0,
507,5,3,WH1-H5-R03-L3-P62,503,3,62,1503362,R - 503,2026-01-22 07:57:26.77267+00,2026-01-22 07:57:26.77267+00,NULL,0,0,
508,5,3,WH1-H5-R03-L3-P63,503,3,63,1503363,R - 503,2026-01-22 07:57:26.77267+00,2026-01-22 07:57:26.77267+00,NULL,0,0,
509,5,3,WH1-H5-R03-L3-P64,503,3,64,1503364,R - 503,2026-01-22 07:57:26.77267+00,2026-01-22 07:57:26.77267+00,NULL,0,0,
510,5,3,WH1-H5-R03-L3-P65,503,3,65,1503365,R - 503,2026-01-22 07:57:26.77267+00,2026-01-22 07:57:26.77267+00,NULL,0,0,
511,5,3,WH1-H5-R03-L3-P66,503,3,66,1503366,R - 503,2026-01-22 07:57:26.77267+00,2026-01-22 07:57:26.77267+00,NULL,0,0,
512,5,2,WH1-H5-R03-L4-P01,503,4,01,1503401,R - 503,2026-01-22 07:57:26.77267+00,2026-01-22 07:57:26.77267+00,NULL,0,0,
513,5,2,WH1-H5-R03-L4-P02,503,4,02,1503402,R - 503,2026-01-22 07:57:26.77267+00,2026-01-22 07:57:26.77267+00,NULL,0,0,
514,5,2,WH1-H5-R03-L4-P03,503,4,03,1503403,R - 503,2026-01-22 07:57:26.77267+00,2026-01-22 07:57:26.77267+00,NULL,0,0,
515,5,2,WH1-H5-R03-L4-P04,503,4,04,1503404,R - 503,2026-03-10 13:50:15.447108+00,2026-01-22 07:57:26.77267+00,NULL,0,0,
516,5,2,WH1-H5-R03-L4-P05,503,4,05,1503405,R - 503,2026-01-22 07:57:26.77267+00,2026-01-22 07:57:26.77267+00,NULL,0,0,
517,5,2,WH1-H5-R03-L4-P06,503,4,06,1503406,R - 503,2026-01-22 07:57:26.77267+00,2026-01-22 07:57:26.77267+00,NULL,0,0,
518,5,2,WH1-H5-R03-L4-P07,503,4,07,1503407,R - 503,2026-01-22 07:57:26.77267+00,2026-01-22 07:57:26.77267+00,NULL,0,0,
519,5,2,WH1-H5-R03-L4-P08,503,4,08,1503408,R - 503,2026-01-22 07:57:26.77267+00,2026-01-22 07:57:26.77267+00,NULL,0,0,
520,5,2,WH1-H5-R03-L4-P09,503,4,09,1503409,R - 503,2026-01-22 07:57:26.77267+00,2026-01-22 07:57:26.77267+00,NULL,0,0,
521,5,2,WH1-H5-R03-L4-P10,503,4,10,1503410,R - 503,2026-01-22 07:57:26.77267+00,2026-01-22 07:57:26.77267+00,NULL,0,0,
522,5,2,WH1-H5-R03-L4-P11,503,4,11,1503411,R - 503,2026-01-22 07:57:26.77267+00,2026-01-22 07:57:26.77267+00,NULL,0,0,
535,5,3,WH1-H5-R03-L4-P12,503,4,12,1503412,R - 503,2026-01-28 15:48:49.60417+00,2026-01-28 15:48:49.60417+00,11,0,0,
536,5,3,WH1-H5-R03-L4-P13,503,4,13,1503413,R - 503,2026-01-28 15:49:49.191352+00,2026-01-28 15:49:20.740316+00,11,0,0,
537,5,3,WH1-H5-R03-L4-P14,503,4,14,1503414,R - 503,2026-01-28 15:50:47.567388+00,2026-01-28 15:50:47.567388+00,11,0,0,
538,5,3,WH1-H5-R03-L4-P15,503,4,15,1503415,R - 503,2026-01-28 15:51:48.36005+00,2026-01-28 15:50:54.139587+00,11,0,0,
539,5,3,WH1-H5-R03-L4-P16,503,4,16,1503416,R - 503,2026-01-28 15:51:37.205674+00,2026-01-28 15:51:37.205674+00,11,0,0,
540,5,3,WH1-H5-R03-L4-P17,503,4,17,1503417,R - 503,2026-01-28 15:52:58.897237+00,2026-01-28 15:52:58.897237+00,11,0,0,
541,5,3,WH1-H5-R03-L4-P18,503,4,18,1503418,R - 503,2026-01-28 15:53:25.753789+00,2026-01-28 15:53:25.753789+00,11,0,0,
542,5,3,WH1-H5-R03-L4-P19,503,4,19,1503419,R - 503,2026-01-28 15:54:30.097619+00,2026-01-28 15:54:30.097619+00,11,0,0,
543,5,3,WH1-H5-R03-L4-P20,503,4,20,1503420,R - 503,2026-01-28 15:55:58.224867+00,2026-01-28 15:55:06.585784+00,11,0,0,
544,5,3,WH1-H5-R03-L4-P21,503,4,21,1503421,R - 503,2026-01-28 15:56:51.814726+00,2026-01-28 15:56:51.814726+00,11,0,0,
545,5,3,WH1-H5-R03-L4-P22,503,4,22,1503422,R - 503,2026-01-28 15:57:17.307466+00,2026-01-28 15:56:59.491413+00,11,0,0,
546,5,3,WH1-H5-R03-L4-P23,503,4,23,1503423,R - 503,2026-01-28 15:57:55.929928+00,2026-01-28 15:57:55.929928+00,11,0,0,
547,5,3,WH1-H5-R03-L4-P24,503,4,24,1503424,R - 503,2026-01-28 15:58:38.833041+00,2026-01-28 15:57:59.795675+00,11,0,0,
548,5,3,WH1-H5-R03-L4-P25,503,4,25,1503425,R - 503,2026-01-28 15:59:34.591833+00,2026-01-28 15:59:34.591833+00,11,0,0,
549,5,3,WH1-H5-R03-L4-P26,503,4,26,1503426,R - 503,2026-01-28 16:00:06.694301+00,2026-01-28 15:59:49.645488+00,11,0,0,
550,5,3,WH1-H5-R03-L4-P27,503,4,27,1503427,R - 503,2026-01-28 16:01:43.43005+00,2026-01-28 16:01:33.8288+00,11,0,0,
551,5,3,WH1-H5-R03-L4-P28,503,4,28,1503428,R - 503,2026-01-28 16:02:41.910613+00,2026-01-28 16:02:41.910613+00,11,0,0,
552,5,3,WH1-H5-R03-L4-P29,503,4,29,1503429,R - 503,2026-01-28 16:03:06.657991+00,2026-01-28 16:03:06.657991+00,11,0,0,
553,5,3,WH1-H5-R03-L4-P30,503,4,30,1503430,R - 503,2026-01-28 16:03:41.396237+00,2026-01-28 16:03:41.396237+00,11,0,0,
554,5,3,WH1-H5-R03-L4-P31,503,4,31,1503431,R - 503,2026-01-28 16:03:59.363118+00,2026-01-28 16:03:59.363118+00,11,0,0,
555,5,3,WH1-H5-R03-L4-P32,503,4,32,1503432,R - 503,2026-01-28 16:08:46.28008+00,2026-01-28 16:04:46.919752+00,11,0,0,
556,5,3,WH1-H5-R03-L4-P33,503,4,33,1503433,R - 503,2026-01-28 16:08:55.991401+00,2026-01-28 16:04:53.722388+00,11,0,0,
557,5,3,WH1-H5-R03-L4-P34,503,4,34,1503434,R - 503,2026-01-28 16:09:10.686127+00,2026-01-28 16:05:06.814561+00,11,0,0,
558,5,3,WH1-H5-R03-L4-P35,503,4,35,1503435,R - 503,2026-01-28 16:11:17.490395+00,2026-01-28 16:05:17.637071+00,11,0,0,
559,5,3,WH1-H5-R03-L4-P36,503,4,36,1503436,R - 503,2026-01-28 16:10:26.328469+00,2026-01-28 16:05:50.254649+00,11,0,0,
560,5,3,WH1-H5-R03-L4-P37,503,4,37,1503437,R - 503,2026-01-28 16:10:41.751756+00,2026-01-28 16:05:59.788474+00,11,0,0,
561,5,3,WH1-H5-R03-L4-P38,503,4,38,1503438,R - 503,2026-01-28 16:10:53.186114+00,2026-01-28 16:06:20.55321+00,11,0,0,
562,5,3,WH1-H5-R03-L4-P39,503,4,39,1503439,R - 503,2026-01-28 16:14:27.078754+00,2026-01-28 16:14:27.078754+00,11,0,0,
563,5,3,WH1-H5-R03-L4-P40,503,4,40,1503440,R - 503,2026-01-28 16:15:53.551163+00,2026-01-28 16:14:53.181874+00,11,0,0,
564,5,3,WH1-H5-R03-L4-P41,503,4,41,1503441,R - 503,2026-01-28 16:16:06.324784+00,2026-01-28 16:14:57.040737+00,11,0,0,
565,5,3,WH1-H5-R03-L4-P42,503,4,42,1503442,R - 503,2026-01-28 16:16:20.886735+00,2026-01-28 16:14:58.15369+00,11,0,0,
566,5,3,WH1-H5-R03-L4-P43,503,4,43,1503443,R - 503,2026-01-28 16:17:48.226088+00,2026-01-28 16:17:48.226088+00,11,0,0,
567,5,3,WH1-H5-R03-L4-P44,503,4,44,1503444,R - 503,2026-01-28 16:19:04.842103+00,2026-01-28 16:17:57.303287+00,11,0,0,
568,5,3,WH1-H5-R03-L4-P45,503,4,45,1503445,R - 503,2026-01-28 16:19:17.299633+00,2026-01-28 16:17:58.162816+00,11,0,0,
569,5,3,WH1-H5-R03-L4-P46,503,4,46,1503446,R - 503,2026-01-28 16:19:29.355267+00,2026-01-28 16:17:58.969961+00,11,0,0,
570,5,3,WH1-H5-R03-L4-P47,503,4,47,1503447,R - 503,2026-01-28 16:19:54.523304+00,2026-01-28 16:17:59.503486+00,11,0,0,
571,5,3,WH1-H5-R03-L4-P48,503,4,48,1503448,R - 503,2026-01-28 16:20:08.198882+00,2026-01-28 16:18:00.10334+00,11,0,0,
572,5,3,WH1-H5-R03-L4-P49,503,4,49,1503449,R - 503,2026-01-28 16:20:23.776305+00,2026-01-28 16:18:00.718131+00,11,0,0,
573,5,3,WH1-H5-R03-L4-P50,503,4,50,1503450,R - 503,2026-01-28 16:20:37.120837+00,2026-01-28 16:18:01.436416+00,11,0,0,
574,5,3,WH1-H5-R03-L4-P51,503,4,51,1503451,R - 503,2026-01-28 16:21:01.068496+00,2026-01-28 16:18:02.159266+00,11,0,0,
575,5,3,WH1-H5-R03-L4-P52,503,4,52,1503452,R - 503,2026-01-28 16:21:14.14559+00,2026-01-28 16:18:02.953997+00,11,0,0,
577,5,3,WH1-H5-R03-L4-P53,503,4,53,1503453,R - 503,2026-01-28 16:30:35.233865+00,2026-01-28 16:29:57.106477+00,11,0,0,
589,5,3,WH1-H5-R03-L4-P54,503,4,54,1503454,R - 503,2026-04-08 10:06:26.642782+00,2026-04-08 10:06:26.642782+00,NULL,0,0,
590,5,3,WH1-H5-R03-L4-P55,503,4,55,1503455,R - 503,2026-04-08 10:10:33.997028+00,2026-04-08 10:07:37.324676+00,NULL,0,0,
591,5,3,WH1-H5-R03-L4-P56,503,4,56,1503456,R - 503,2026-04-08 10:10:33.997028+00,2026-04-08 10:10:33.997028+00,NULL,0,0,
592,5,3,WH1-H5-R03-L4-P57,503,4,57,1503457,R - 503,2026-04-08 10:15:40.819193+00,2026-04-08 10:10:33.997028+00,NULL,0,0,
593,5,3,WH1-H5-R03-L4-P58,503,4,58,1503458,R - 503,2026-04-08 10:15:40.819193+00,2026-04-08 10:15:40.819193+00,NULL,0,0,
594,5,3,WH1-H5-R03-L4-P59,503,4,59,1503459,R - 503,2026-04-08 10:18:09.842985+00,2026-04-08 10:18:09.842985+00,NULL,0,0,
595,5,3,WH1-H5-R03-L4-P60,503,4,60,1503460,R - 503,2026-04-08 10:23:24.845139+00,2026-04-08 10:23:24.845139+00,NULL,0,0,
596,5,3,WH1-H5-R03-L4-P61,503,4,61,1503461,R - 503,2026-04-08 10:23:24.845139+00,2026-04-08 10:23:24.845139+00,NULL,0,0,
597,5,3,WH1-H5-R03-L4-P62,503,4,62,1503462,R - 503,2026-04-08 10:23:24.845139+00,2026-04-08 10:23:24.845139+00,NULL,0,0,
598,5,3,WH1-H5-R03-L4-P63,503,4,63,1503463,R - 503,2026-04-08 10:23:24.845139+00,2026-04-08 10:23:24.845139+00,NULL,0,0,
599,5,3,WH1-H5-R03-L4-P64,503,4,64,1503464,R - 503,2026-04-08 10:23:24.845139+00,2026-04-08 10:23:24.845139+00,NULL,0,0,
600,5,3,WH1-H5-R03-L4-P65,503,4,65,1503465,R - 503,2026-04-08 10:23:24.845139+00,2026-04-08 10:23:24.845139+00,NULL,0,0,
601,5,3,WH1-H5-R03-L4-P66,503,4,66,1503466,R - 503,2026-04-08 10:34:43.376703+00,2026-04-08 10:34:43.376703+00,NULL,0,0,
602,5,3,WH1-H5-R02-L1-P01,502,1,01,1502101,R - 502,2026-04-08 10:34:43.376703+00,2026-04-08 10:34:43.376703+00,NULL,0,0,
603,5,3,WH1-H5-R02-L1-P02,502,1,02,1502102,R - 502,2026-04-08 10:34:43.376703+00,2026-04-08 10:34:43.376703+00,NULL,0,0,
604,5,3,WH1-H5-R02-L1-P03,502,1,03,1502103,R - 502,2026-04-08 10:34:43.376703+00,2026-04-08 10:34:43.376703+00,NULL,0,0,
605,5,3,WH1-H5-R02-L1-P04,502,1,04,1502104,R - 502,2026-04-08 10:34:43.376703+00,2026-04-08 10:34:43.376703+00,NULL,0,0,
606,5,3,WH1-H5-R02-L1-P05,502,1,05,1502105,R - 502,2026-04-08 10:34:43.376703+00,2026-04-08 10:34:43.376703+00,NULL,0,0,
607,5,3,WH1-H5-R02-L1-P06,502,1,06,1502106,R - 502,2026-04-08 10:34:43.376703+00,2026-04-08 10:34:43.376703+00,NULL,0,0,
608,5,3,WH1-H5-R02-L1-P07,502,1,07,1502107,R - 502,2026-04-08 10:34:43.376703+00,2026-04-08 10:34:43.376703+00,NULL,0,0,
609,5,3,WH1-H5-R02-L1-P08,502,1,08,1502108,R - 502,2026-04-08 10:34:43.376703+00,2026-04-08 10:34:43.376703+00,NULL,0,0,
610,5,3,WH1-H5-R02-L1-P09,502,1,09,1502109,R - 502,2026-04-08 10:34:43.376703+00,2026-04-08 10:34:43.376703+00,NULL,0,0,
611,5,3,WH1-H5-R02-L1-P10,502,1,10,1502110,R - 502,2026-04-08 10:34:43.376703+00,2026-04-08 10:34:43.376703+00,NULL,0,0,
612,5,3,WH1-H5-R02-L1-P11,502,1,11,1502111,R - 502,2026-04-08 10:34:43.376703+00,2026-04-08 10:34:43.376703+00,NULL,0,0,
613,5,3,WH1-H5-R02-L1-P12,502,1,12,1502112,R - 502,2026-04-08 10:34:43.376703+00,2026-04-08 10:34:43.376703+00,NULL,0,0,
614,5,3,WH1-H5-R02-L1-P13,502,1,13,1502113,R - 502,2026-04-08 10:34:43.376703+00,2026-04-08 10:34:43.376703+00,NULL,0,0,
615,5,3,WH1-H5-R02-L1-P14,502,1,14,1502114,R - 502,2026-04-08 10:34:43.376703+00,2026-04-08 10:34:43.376703+00,NULL,0,0,
616,5,3,WH1-H5-R02-L1-P15,502,1,15,1502115,R - 502,2026-04-08 10:34:43.376703+00,2026-04-08 10:34:43.376703+00,NULL,0,0,
617,5,3,WH1-H5-R02-L1-P16,502,1,16,1502116,R - 502,2026-04-08 10:34:43.376703+00,2026-04-08 10:34:43.376703+00,NULL,0,0,
618,5,3,WH1-H5-R02-L1-P17,502,1,17,1502117,R - 502,2026-04-08 10:34:43.376703+00,2026-04-08 10:34:43.376703+00,NULL,0,0,
619,5,3,WH1-H5-R02-L1-P18,502,1,18,1502118,R - 502,2026-04-08 10:37:32.550096+00,2026-04-08 10:37:08.015311+00,NULL,0,0,
620,5,3,WH1-H5-R02-L1-P19,502,1,19,1502119,R - 502,2026-04-08 10:51:38.221031+00,2026-04-08 10:39:12.495582+00,NULL,0,0,
621,5,3,WH1-H5-R02-L1-P20,502,1,20,1502120,R - 502,2026-04-08 10:51:38.221031+00,2026-04-08 10:51:38.221031+00,NULL,0,0,
622,5,3,WH1-H5-R02-L1-P21,502,1,21,1502121,R - 502,2026-04-08 10:51:38.221031+00,2026-04-08 10:51:38.221031+00,NULL,0,0,
623,5,3,WH1-H5-R02-L2-P01,502,2,01,1502201,R - 502,2026-04-08 10:51:38.221031+00,2026-04-08 10:51:38.221031+00,NULL,0,0,
624,5,3,WH1-H5-R02-L2-P02,502,2,02,1502202,R - 502,2026-04-08 10:51:38.221031+00,2026-04-08 10:51:38.221031+00,NULL,0,0,
625,5,3,WH1-H5-R02-L2-P03,502,2,03,1502203,R - 502,2026-04-08 10:51:38.221031+00,2026-04-08 10:51:38.221031+00,NULL,0,0,
626,5,3,WH1-H5-R02-L2-P04,502,2,04,1502204,R - 502,2026-04-08 10:51:38.221031+00,2026-04-08 10:51:38.221031+00,NULL,0,0,
627,5,3,WH1-H5-R02-L2-P05,502,2,05,1502205,R - 502,2026-04-08 10:51:38.221031+00,2026-04-08 10:51:38.221031+00,NULL,0,0,
628,5,3,WH1-H5-R02-L2-P06,502,2,06,1502206,R - 502,2026-04-08 10:51:38.221031+00,2026-04-08 10:51:38.221031+00,NULL,0,0,
629,5,3,WH1-H5-R02-L2-P07,502,2,07,1502207,R - 502,2026-04-08 10:51:38.221031+00,2026-04-08 10:51:38.221031+00,NULL,0,0,
630,5,3,WH1-H5-R02-L2-P08,502,2,08,1502208,R - 502,2026-04-08 10:51:38.221031+00,2026-04-08 10:51:38.221031+00,NULL,0,0,
631,5,3,WH1-H5-R02-L2-P09,502,2,09,1502209,R - 502,2026-04-08 10:51:38.221031+00,2026-04-08 10:51:38.221031+00,NULL,0,0,
632,5,3,WH1-H5-R02-L2-P10,502,2,10,1502210,R - 502,2026-04-08 10:51:38.221031+00,2026-04-08 10:51:38.221031+00,NULL,0,0,
633,5,3,WH1-H5-R02-L2-P11,502,2,11,1502211,R - 502,2026-04-08 10:51:38.221031+00,2026-04-08 10:51:38.221031+00,NULL,0,0,
634,5,3,WH1-H5-R02-L2-P12,502,2,12,1502212,R - 502,2026-04-08 10:51:38.221031+00,2026-04-08 10:51:38.221031+00,NULL,0,0,
635,5,3,WH1-H5-R02-L2-P13,502,2,13,1502213,R - 502,2026-04-08 10:51:38.221031+00,2026-04-08 10:51:38.221031+00,NULL,0,0,
636,5,3,WH1-H5-R02-L2-P14,502,2,14,1502214,R - 502,2026-04-08 10:51:38.221031+00,2026-04-08 10:51:38.221031+00,NULL,0,0,
637,5,3,WH1-H5-R02-L2-P15,502,2,15,1502215,R - 502,2026-04-08 10:51:38.221031+00,2026-04-08 10:51:38.221031+00,NULL,0,0,
638,5,3,WH1-H5-R02-L2-P16,502,2,16,1502216,R - 502,2026-04-08 10:51:38.221031+00,2026-04-08 10:51:38.221031+00,NULL,0,0,
639,5,3,WH1-H5-R02-L2-P17,502,2,17,1502217,R - 502,2026-04-08 10:51:38.221031+00,2026-04-08 10:51:38.221031+00,NULL,0,0,
640,5,3,WH1-H5-R02-L2-P18,502,2,18,1502218,R - 502,2026-04-08 10:51:38.221031+00,2026-04-08 10:51:38.221031+00,NULL,0,0,
641,5,3,WH1-H5-R02-L2-P19,502,2,19,1502219,R - 502,2026-04-08 10:51:38.221031+00,2026-04-08 10:51:38.221031+00,NULL,0,0,
642,5,3,WH1-H5-R02-L2-P20,502,2,20,1502220,R - 502,2026-04-08 10:51:38.221031+00,2026-04-08 10:51:38.221031+00,NULL,0,0,
643,5,3,WH1-H5-R02-L2-P21,502,2,21,1502221,R - 502,2026-04-08 10:51:38.221031+00,2026-04-08 10:51:38.221031+00,NULL,0,0,
644,5,3,WH1-H5-R02-L3-P01,502,3,01,1502301,R - 502,2026-04-08 10:51:38.221031+00,2026-04-08 10:51:38.221031+00,NULL,0,0,
645,5,3,WH1-H5-R02-L3-P02,502,3,02,1502302,R - 502,2026-04-08 10:51:38.221031+00,2026-04-08 10:51:38.221031+00,NULL,0,0,
646,5,3,WH1-H5-R02-L3-P03,502,3,03,1502303,R - 502,2026-04-08 10:51:38.221031+00,2026-04-08 10:51:38.221031+00,NULL,0,0,
647,5,3,WH1-H5-R02-L3-P04,502,3,04,1502304,R - 502,2026-04-08 10:51:38.221031+00,2026-04-08 10:51:38.221031+00,NULL,0,0,
648,5,3,WH1-H5-R02-L3-P05,502,3,05,1502305,R - 502,2026-04-08 10:51:38.221031+00,2026-04-08 10:51:38.221031+00,NULL,0,0,
649,5,3,WH1-H5-R02-L3-P06,502,3,06,1502306,R - 502,2026-04-08 10:54:14.423563+00,2026-04-08 10:54:14.423563+00,NULL,0,0,
650,5,3,WH1-H5-R02-L3-P07,502,3,07,1502307,R - 502,2026-04-08 11:07:44.728542+00,2026-04-08 11:07:44.728542+00,NULL,0,0,
651,5,3,WH1-H5-R02-L3-P08,502,3,08,1502308,R - 502,2026-04-08 11:07:44.728542+00,2026-04-08 11:07:44.728542+00,NULL,0,0,
652,5,3,WH1-H5-R02-L3-P09,502,3,09,1502309,R - 502,2026-04-08 11:07:44.728542+00,2026-04-08 11:07:44.728542+00,NULL,0,0,
653,5,3,WH1-H5-R02-L3-P10,502,3,10,1502310,R - 502,2026-04-08 11:07:44.728542+00,2026-04-08 11:07:44.728542+00,NULL,0,0,
654,5,3,WH1-H5-R02-L3-P11,502,3,11,1502311,R - 502,2026-04-08 11:07:44.728542+00,2026-04-08 11:07:44.728542+00,NULL,0,0,
655,5,3,WH1-H5-R02-L3-P12,502,3,12,1502312,R - 502,2026-04-08 11:07:44.728542+00,2026-04-08 11:07:44.728542+00,NULL,0,0,
656,5,3,WH1-H5-R02-L3-P13,502,3,13,1502313,R - 502,2026-04-08 11:07:44.728542+00,2026-04-08 11:07:44.728542+00,NULL,0,0,
657,5,3,WH1-H5-R02-L3-P14,502,3,14,1502314,R - 502,2026-04-08 11:07:44.728542+00,2026-04-08 11:07:44.728542+00,NULL,0,0,
658,5,3,WH1-H5-R02-L3-P15,502,3,15,1502315,R - 502,2026-04-08 11:07:44.728542+00,2026-04-08 11:07:44.728542+00,NULL,0,0,
659,5,3,WH1-H5-R02-L3-P16,502,3,16,1502316,R - 502,2026-04-08 11:07:44.728542+00,2026-04-08 11:07:44.728542+00,NULL,0,0,
660,5,3,WH1-H5-R02-L3-P17,502,3,17,1502317,R - 502,2026-04-08 11:07:44.728542+00,2026-04-08 11:07:44.728542+00,NULL,0,0,
661,5,3,WH1-H5-R02-L3-P18,502,3,18,1502318,R - 502,2026-04-08 11:07:44.728542+00,2026-04-08 11:07:44.728542+00,NULL,0,0,
662,5,3,WH1-H5-R02-L3-P19,502,3,19,1502319,R - 502,2026-04-08 11:07:44.728542+00,2026-04-08 11:07:44.728542+00,NULL,0,0,
663,5,3,WH1-H5-R02-L3-P20,502,3,20,1502320,R - 502,2026-04-08 11:07:44.728542+00,2026-04-08 11:07:44.728542+00,NULL,0,0,
664,5,3,WH1-H5-R02-L3-P21,502,3,21,1502321,R - 502,2026-04-08 11:07:44.728542+00,2026-04-08 11:07:44.728542+00,NULL,0,0,
665,5,3,WH1-H5-R02-L4-P01,502,4,01,1502401,R - 502,2026-04-08 11:07:44.728542+00,2026-04-08 11:07:44.728542+00,NULL,0,0,
666,5,3,WH1-H5-R02-L4-P02,502,4,02,1502402,R - 502,2026-04-08 11:07:44.728542+00,2026-04-08 11:07:44.728542+00,NULL,0,0,
667,5,3,WH1-H5-R02-L4-P03,502,4,03,1502403,R - 502,2026-04-08 11:07:44.728542+00,2026-04-08 11:07:44.728542+00,NULL,0,0,
668,5,3,WH1-H5-R02-L4-P04,502,4,04,1502404,R - 502,2026-04-08 11:07:44.728542+00,2026-04-08 11:07:44.728542+00,NULL,0,0,
669,5,3,WH1-H5-R02-L4-P05,502,4,05,1502405,R - 502,2026-04-08 11:07:44.728542+00,2026-04-08 11:07:44.728542+00,NULL,0,0,
670,5,3,WH1-H5-R02-L4-P06,502,4,06,1502406,R - 502,2026-04-08 11:07:44.728542+00,2026-04-08 11:07:44.728542+00,NULL,0,0,
671,5,3,WH1-H5-R02-L4-P07,502,4,07,1502407,R - 502,2026-04-08 11:07:44.728542+00,2026-04-08 11:07:44.728542+00,NULL,0,0,
672,5,3,WH1-H5-R02-L4-P08,502,4,08,1502408,R - 502,2026-04-08 11:07:44.728542+00,2026-04-08 11:07:44.728542+00,NULL,0,0,
673,5,3,WH1-H5-R02-L4-P09,502,4,09,1502409,R - 502,2026-04-08 11:07:44.728542+00,2026-04-08 11:07:44.728542+00,NULL,0,0,
674,5,3,WH1-H5-R02-L4-P10,502,4,10,1502410,R - 502,2026-04-08 11:07:44.728542+00,2026-04-08 11:07:44.728542+00,NULL,0,0,
675,5,3,WH1-H5-R02-L4-P11,502,4,11,1502411,R - 502,2026-04-08 11:07:44.728542+00,2026-04-08 11:07:44.728542+00,NULL,0,0,
676,5,3,WH1-H5-R02-L4-P12,502,4,12,1502412,R - 502,2026-04-08 11:07:44.728542+00,2026-04-08 11:07:44.728542+00,NULL,0,0,
677,5,3,WH1-H5-R02-L4-P13,502,4,13,1502413,R - 502,2026-04-08 11:07:44.728542+00,2026-04-08 11:07:44.728542+00,NULL,0,0,
678,5,3,WH1-H5-R02-L4-P14,502,4,14,1502414,R - 502,2026-04-08 11:10:02.293872+00,2026-04-08 11:10:02.293872+00,NULL,0,0,
681,5,0,WH1-H5-R02-L4-P15,502,4,15,1502415,R - 502,2026-04-09 08:35:58.528449+00,2026-04-09 08:34:12.550061+00,NULL,0,0,
690,5,2,WH1-H5-R02-L4-P16,502,4,16,1502416,R - 502,2026-05-04 12:18:08.989535+00,2026-05-04 12:18:08.989535+00,NULL,0,0,
694,5,2,WH1-H5-R02-L4-P17,502,4,17,1502417,R - 502,2026-05-13 12:42:20.462776+00,2026-05-13 12:41:39.216326+00,NULL,0,0,
695,5,2,WH1-H5-R02-L4-P18,502,4,18,1502418,R - 502,2026-05-13 12:42:20.462776+01,2026-05-13 12:41:39.216326+01,NULL,0,0,
696,5,2,WH1-H5-R02-L4-P19,502,4,19,1502419,R - 502,2026-05-13 12:42:20.462776+02,2026-05-13 12:41:39.216326+02,NULL,0,0,
697,5,2,WH1-H5-R02-L4-P20,502,4,20,1502420,R - 502,2026-05-13 12:42:20.462776+03,2026-05-13 12:41:39.216326+03,NULL,0,0,
698,5,2,WH1-H5-R02-L4-P21,502,4,21,1502421,R - 502,2026-05-13 12:42:20.462776+04,2026-05-13 12:41:39.216326+04,NULL,0,0,
